{"format_version":"1.8.0","animations":{"animation.geyser_custom.geo_03c00de.thirdperson_main_hand":{"loop":true,"bones":{"geyser_custom_x":{"rotation":[-0,0,0],"position":[-0,4.0,0.5],"scale":[0.85,0.85,0.85]},"geyser_custom_y":{"rotation":[0,90,0]},"geyser_custom_z":{"rotation":[0,0,55]},"geyser_custom":{"rotation":[90,0,0],"position":[0,13,-3]}}},"animation.geyser_custom.geo_03c00de.thirdperson_off_hand":{"loop":true,"bones":{"geyser_custom_x":{"rotation":[-0,0,0],"position":[0,4.0,0.5],"scale":[0.85,0.85,0.85]},"geyser_custom_y":{"rotation":[0,-90,0]},"geyser_custom_z":{"rotation":[0,0,-55]},"geyser_custom":{"rotation":[90,0,0],"position":[0,13,-3]}}},"animation.geyser_custom.geo_03c00de.head":{"loop":true,"bones":{"geyser_custom_x":{"scale":0.625},"geyser_custom":{"position":[0,19.9,0]}}},"animation.geyser_custom.geo_03c00de.firstperson_main_hand":{"loop":true,"bones":{"geyser_custom":{"rotation":[90,60,-40],"position":[4,10,4],"scale":1.5},"geyser_custom_x":{"position":[-1.13,3.2,-1.13],"rotation":[-0,0,0],"scale":[0.68,0.68,0.68]},"geyser_custom_y":{"rotation":[0,90,0]},"geyser_custom_z":{"rotation":[0,0,25]}}},"animation.geyser_custom.geo_03c00de.firstperson_off_hand":{"loop":true,"bones":{"geyser_custom":{"rotation":[90,60,-40],"position":[4,10,4],"scale":1.5},"geyser_custom_x":{"position":[1.13,3.2,-1.13],"rotation":[-0,0,0],"scale":[0.68,0.68,0.68]},"geyser_custom_y":{"rotation":[0,-90,0]},"geyser_custom_z":{"rotation":[0,0,-25]}}}}}
