{"format_version":"1.8.0","animations":{"animation.geyser_custom.geo_810226c.thirdperson_main_hand":{"loop":true,"bones":{"geyser_custom_x":{"rotation":[-40.32,0,0],"position":[-0.5,2.25,0.25],"scale":[0.5,0.5,0.5]},"geyser_custom_y":{"rotation":[0,-45,0]},"geyser_custom_z":{"rotation":[0,0,0.56]},"geyser_custom":{"rotation":[90,0,0],"position":[0,13,-3]}}},"animation.geyser_custom.geo_810226c.thirdperson_off_hand":{"loop":true,"bones":{"geyser_custom_x":{"rotation":[-40.32,0,0],"position":[0.5,2.25,0.25],"scale":[0.5,0.5,0.5]},"geyser_custom_y":{"rotation":[0,-45,0]},"geyser_custom_z":{"rotation":[0,0,0.56]},"geyser_custom":{"rotation":[90,0,0],"position":[0,13,-3]}}},"animation.geyser_custom.geo_810226c.head":{"loop":true,"bones":{"geyser_custom_x":{"rotation":[-45,0,0],"position":[1.09375,10.78125,1.875],"scale":0.625},"geyser_custom_y":{"rotation":[0,-0,0]},"geyser_custom_z":{"rotation":[0,0,35]},"geyser_custom":{"position":[0,19.9,0]}}},"animation.geyser_custom.geo_810226c.firstperson_main_hand":{"loop":true,"bones":{"geyser_custom":{"rotation":[90,60,-40],"position":[4,10,4],"scale":1.5},"geyser_custom_x":{"position":[-2,2,0.75],"rotation":[0.1,0.1,0.1],"scale":[0.5,0.5,0.5]}}},"animation.geyser_custom.geo_810226c.firstperson_off_hand":{"loop":true,"bones":{"geyser_custom":{"rotation":[90,60,-40],"position":[4,10,4],"scale":1.5},"geyser_custom_x":{"position":[1.5,2,0.75],"rotation":[0.1,0.1,0.1],"scale":[0.5,0.5,0.5]}}}}}
