{
  "namespace": "chest",
  "chest_label": {},
  "ofunnys_chest_panel": {
    "type": "image",
    "size": [
      256,
      512
    ],
    "offset": [
      0,
      110
    ],
    "layer": 11,
    "$localtitle": "$container_title"
  },
  "ofunnys_ia_categories@ofunnys_chest_panel": {
    "texture": "textures/ui/inventory/ia/ia_categories",
    "visible": "(not ($localtitle - '' = $localtitle))"
  },
  "ofunnys_ia_crafting@ofunnys_chest_panel": {
    "texture": "textures/ui/inventory/ia/ia_crafting",
    "visible": "(not ($localtitle - '' = $localtitle))"
  },
  "ofunnys_chest_panels": {
    "type": "panel",
    "controls": [
      {
        "ofunnys_ia_categories@ofunnys_ia_categories": {}
      },
      {
        "ofunnys_ia_crafting@ofunnys_ia_crafting": {}
      },
      {
        "afk@afk": {}
      },
      {
        "auctions@auctions": {}
      },
      {
        "bank@bank": {}
      },
      {
        "buy@buy": {}
      },
      {
        "clantagcolors@clantagcolors": {}
      },
      {
        "coinflip@coinflip": {}
      },
      {
        "coinflipstart@coinflipstart": {}
      },
      {
        "cratepreview@cratepreview": {}
      },
      {
        "deposit@deposit": {}
      },
      {
        "enchanter@enchanter": {}
      },
      {
        "enchanterfill@enchanterfill": {}
      },
      {
        "enchanterl2@enchanterl2": {}
      },
      {
        "globalfly@globalfly": {}
      },
      {
        "glow@glow": {}
      },
      {
        "homes@homes": {}
      },
      {
        "island@island": {}
      },
      {
        "islandconfirm@islandconfirm": {}
      },
      {
        "jobs@jobs": {}
      },
      {
        "kits@kits": {}
      },
      {
        "level@level": {}
      },
      {
        "merchant@merchant": {}
      },
      {
        "merchantconfirm@merchantconfirm": {}
      },
      {
        "minions@minions": {}
      },
      {
        "minionslist@minionslist": {}
      },
      {
        "missions@missions": {}
      },
      {
        "nickcolors@nickcolors": {}
      },
      {
        "nojob@nojob": {}
      },
      {
        "opening@opening": {}
      },
      {
        "pets@pets": {}
      },
      {
        "prefixes@prefixes": {}
      },
      {
        "quests@quests": {}
      },
      {
        "questsmenu@questsmenu": {}
      },
      {
        "ranks@ranks": {}
      },
      {
        "reset@reset": {}
      },
      {
        "scroll1@scroll1": {}
      },
      {
        "scroll2@scroll2": {}
      },
      {
        "scroll3@scroll3": {}
      },
      {
        "scroll4@scroll4": {}
      },
      {
        "sell@sell": {}
      },
      {
        "shop@shop": {}
      },
      {
        "skins@skins": {}
      },
      {
        "trade@trade": {}
      },
      {
        "upgrades@upgrades": {}
      },
      {
        "withdraw@withdraw": {}
      }
    ]
  },
  "large_chest_panel": {
    "modifications": [
      {
        "array_name": "controls",
        "operation": "insert_back",
        "value": {
          "ofunnys_chest_panels@ofunnys_chest_panels": {}
        }
      }
    ]
  },
  "small_chest_panel": {
    "modifications": [
      {
        "array_name": "controls",
        "operation": "insert_back",
        "value": {
          "ofunnys_chest_panels@ofunnys_chest_panels": {}
        }
      }
    ]
  },
  "small_chest_screen@common.inventory_screen_common": {
    "$atitle": "$container_title",
    "$ofunnymenu": "(('%.2s' * $atitle) = '§')",
    "variables": [
      {
        "requires": "($desktop_screen or $ofunnymenu)",
        "$screen_content": "chest.small_chest_panel",
        "$screen_bg_content": "common.screen_background",
        "$screen_background_alpha": 0.4
      },
      {
        "requires": "($pocket_screen and not $ofunnymenu)",
        "$use_custom_pocket_toast": true,
        "$screen_content": "pocket_containers.small_chest_panel"
      }
    ]
  },
  "large_chest_screen@common.inventory_screen_common": {
    "$atitle": "$container_title",
    "$ofunnymenu": "(('%.2s' * $atitle) = '§')",
    "variables": [
      {
        "requires": "($desktop_screen or $ofunnymenu)",
        "$screen_content": "chest.large_chest_panel",
        "$screen_bg_content": "common.screen_background",
        "$screen_background_alpha": 0.4
      },
      {
        "requires": "($pocket_screen and not $ofunnymenu)",
        "$use_custom_pocket_toast": true,
        "$screen_content": "pocket_containers.large_chest_panel"
      }
    ]
  },
  "afk@ofunnys_chest_panel": {
    "texture": "textures/ui/pogmc_converter/afk.png",
    "visible": "(not ($localtitle - '' = $localtitle))"
  },
  "auctions@ofunnys_chest_panel": {
    "texture": "textures/ui/pogmc_converter/auctions.png",
    "visible": "(not ($localtitle - '' = $localtitle))"
  },
  "bank@ofunnys_chest_panel": {
    "texture": "textures/ui/pogmc_converter/bank.png",
    "visible": "(not ($localtitle - '' = $localtitle))"
  },
  "buy@ofunnys_chest_panel": {
    "texture": "textures/ui/pogmc_converter/buy.png",
    "visible": "(not ($localtitle - '' = $localtitle))"
  },
  "clantagcolors@ofunnys_chest_panel": {
    "texture": "textures/ui/pogmc_converter/clantagcolors.png",
    "visible": "(not ($localtitle - '' = $localtitle))"
  },
  "coinflip@ofunnys_chest_panel": {
    "texture": "textures/ui/pogmc_converter/coinflip.png",
    "visible": "(not ($localtitle - '' = $localtitle))"
  },
  "coinflipstart@ofunnys_chest_panel": {
    "texture": "textures/ui/pogmc_converter/coinflipstart.png",
    "visible": "(not ($localtitle - '' = $localtitle))"
  },
  "cratepreview@ofunnys_chest_panel": {
    "texture": "textures/ui/pogmc_converter/cratepreview.png",
    "visible": "(not ($localtitle - '' = $localtitle))"
  },
  "deposit@ofunnys_chest_panel": {
    "texture": "textures/ui/pogmc_converter/deposit.png",
    "visible": "(not ($localtitle - '' = $localtitle))"
  },
  "enchanter@ofunnys_chest_panel": {
    "texture": "textures/ui/pogmc_converter/enchanter.png",
    "visible": "(not ($localtitle - '' = $localtitle))"
  },
  "enchanterfill@ofunnys_chest_panel": {
    "texture": "textures/ui/pogmc_converter/enchanterfill.png",
    "visible": "(not ($localtitle - '' = $localtitle))"
  },
  "enchanterl2@ofunnys_chest_panel": {
    "texture": "textures/ui/pogmc_converter/enchanterl2.png",
    "visible": "(not ($localtitle - '' = $localtitle))"
  },
  "globalfly@ofunnys_chest_panel": {
    "texture": "textures/ui/pogmc_converter/globalfly.png",
    "visible": "(not ($localtitle - '' = $localtitle))"
  },
  "glow@ofunnys_chest_panel": {
    "texture": "textures/ui/pogmc_converter/glow.png",
    "visible": "(not ($localtitle - '' = $localtitle))"
  },
  "homes@ofunnys_chest_panel": {
    "texture": "textures/ui/pogmc_converter/homes.png",
    "visible": "(not ($localtitle - '' = $localtitle))"
  },
  "island@ofunnys_chest_panel": {
    "texture": "textures/ui/pogmc_converter/island.png",
    "visible": "(not ($localtitle - '' = $localtitle))"
  },
  "islandconfirm@ofunnys_chest_panel": {
    "texture": "textures/ui/pogmc_converter/islandconfirm.png",
    "visible": "(not ($localtitle - '' = $localtitle))"
  },
  "jobs@ofunnys_chest_panel": {
    "texture": "textures/ui/pogmc_converter/jobs.png",
    "visible": "(not ($localtitle - '' = $localtitle))"
  },
  "kits@ofunnys_chest_panel": {
    "texture": "textures/ui/pogmc_converter/kits.png",
    "visible": "(not ($localtitle - '' = $localtitle))"
  },
  "level@ofunnys_chest_panel": {
    "texture": "textures/ui/pogmc_converter/level.png",
    "visible": "(not ($localtitle - '' = $localtitle))"
  },
  "merchant@ofunnys_chest_panel": {
    "texture": "textures/ui/pogmc_converter/merchant.png",
    "visible": "(not ($localtitle - '' = $localtitle))"
  },
  "merchantconfirm@ofunnys_chest_panel": {
    "texture": "textures/ui/pogmc_converter/merchantconfirm.png",
    "visible": "(not ($localtitle - '' = $localtitle))"
  },
  "minions@ofunnys_chest_panel": {
    "texture": "textures/ui/pogmc_converter/minions.png",
    "visible": "(not ($localtitle - '' = $localtitle))"
  },
  "minionslist@ofunnys_chest_panel": {
    "texture": "textures/ui/pogmc_converter/minionslist.png",
    "visible": "(not ($localtitle - '' = $localtitle))"
  },
  "missions@ofunnys_chest_panel": {
    "texture": "textures/ui/pogmc_converter/missions.png",
    "visible": "(not ($localtitle - '' = $localtitle))"
  },
  "nickcolors@ofunnys_chest_panel": {
    "texture": "textures/ui/pogmc_converter/nickcolors.png",
    "visible": "(not ($localtitle - '' = $localtitle))"
  },
  "nojob@ofunnys_chest_panel": {
    "texture": "textures/ui/pogmc_converter/nojob.png",
    "visible": "(not ($localtitle - '' = $localtitle))"
  },
  "opening@ofunnys_chest_panel": {
    "texture": "textures/ui/pogmc_converter/opening.png",
    "visible": "(not ($localtitle - '' = $localtitle))"
  },
  "pets@ofunnys_chest_panel": {
    "texture": "textures/ui/pogmc_converter/pets.png",
    "visible": "(not ($localtitle - '' = $localtitle))"
  },
  "prefixes@ofunnys_chest_panel": {
    "texture": "textures/ui/pogmc_converter/prefixes.png",
    "visible": "(not ($localtitle - '' = $localtitle))"
  },
  "quests@ofunnys_chest_panel": {
    "texture": "textures/ui/pogmc_converter/quests.png",
    "visible": "(not ($localtitle - '' = $localtitle))"
  },
  "questsmenu@ofunnys_chest_panel": {
    "texture": "textures/ui/pogmc_converter/questsmenu.png",
    "visible": "(not ($localtitle - '' = $localtitle))"
  },
  "ranks@ofunnys_chest_panel": {
    "texture": "textures/ui/pogmc_converter/ranks.png",
    "visible": "(not ($localtitle - '' = $localtitle))"
  },
  "reset@ofunnys_chest_panel": {
    "texture": "textures/ui/pogmc_converter/reset.png",
    "visible": "(not ($localtitle - '' = $localtitle))"
  },
  "scroll1@ofunnys_chest_panel": {
    "texture": "textures/ui/pogmc_converter/scroll1.png",
    "visible": "(not ($localtitle - '' = $localtitle))"
  },
  "scroll2@ofunnys_chest_panel": {
    "texture": "textures/ui/pogmc_converter/scroll2.png",
    "visible": "(not ($localtitle - '' = $localtitle))"
  },
  "scroll3@ofunnys_chest_panel": {
    "texture": "textures/ui/pogmc_converter/scroll3.png",
    "visible": "(not ($localtitle - '' = $localtitle))"
  },
  "scroll4@ofunnys_chest_panel": {
    "texture": "textures/ui/pogmc_converter/scroll4.png",
    "visible": "(not ($localtitle - '' = $localtitle))"
  },
  "sell@ofunnys_chest_panel": {
    "texture": "textures/ui/pogmc_converter/sell.png",
    "visible": "(not ($localtitle - '' = $localtitle))"
  },
  "shop@ofunnys_chest_panel": {
    "texture": "textures/ui/pogmc_converter/shop.png",
    "visible": "(not ($localtitle - '' = $localtitle))"
  },
  "skins@ofunnys_chest_panel": {
    "texture": "textures/ui/pogmc_converter/skins.png",
    "visible": "(not ($localtitle - '' = $localtitle))"
  },
  "trade@ofunnys_chest_panel": {
    "texture": "textures/ui/pogmc_converter/trade.png",
    "visible": "(not ($localtitle - '' = $localtitle))"
  },
  "upgrades@ofunnys_chest_panel": {
    "texture": "textures/ui/pogmc_converter/upgrades.png",
    "visible": "(not ($localtitle - '' = $localtitle))"
  },
  "withdraw@ofunnys_chest_panel": {
    "texture": "textures/ui/pogmc_converter/withdraw.png",
    "visible": "(not ($localtitle - '' = $localtitle))"
  }
}