{
  "afk.png": {
    "xOffset": 40,
    "yOffset": 30,
    "includeBackground": true
  },
  "auctions.png": {
    "xOffset": 40,
    "yOffset": 30,
    "includeBackground": true
  },
  "bank.png": {
    "xOffset": 40,
    "yOffset": 30,
    "includeBackground": true
  },
  "buy.png": {
    "xOffset": 40,
    "yOffset": 30,
    "includeBackground": true
  },
  "clantagcolors.png": {
    "xOffset": 40,
    "yOffset": 30,
    "includeBackground": true
  },
  "coinflip.png": {
    "xOffset": 40,
    "yOffset": 30,
    "includeBackground": true
  },
  "coinflipstart.png": {
    "xOffset": 40,
    "yOffset": 30,
    "includeBackground": true
  },
  "cratepreview.png": {
    "xOffset": 40,
    "yOffset": 30,
    "includeBackground": true
  },
  "deposit.png": {
    "xOffset": 40,
    "yOffset": 30,
    "includeBackground": true
  },
  "enchanter.png": {
    "xOffset": 40,
    "yOffset": 30,
    "includeBackground": true
  },
  "enchanterfill.png": {
    "xOffset": 40,
    "yOffset": 30,
    "includeBackground": true
  },
  "enchanterl2.png": {
    "xOffset": 40,
    "yOffset": 30,
    "includeBackground": true
  },
  "globalfly.png": {
    "xOffset": 40,
    "yOffset": 30,
    "includeBackground": true
  },
  "glow.png": {
    "xOffset": 40,
    "yOffset": 30,
    "includeBackground": true
  },
  "homes.png": {
    "xOffset": 40,
    "yOffset": 30,
    "includeBackground": true
  },
  "island.png": {
    "xOffset": 40,
    "yOffset": 30,
    "includeBackground": true
  },
  "islandconfirm.png": {
    "xOffset": 40,
    "yOffset": 30,
    "includeBackground": true
  },
  "jobs.png": {
    "xOffset": 40,
    "yOffset": 30,
    "includeBackground": true
  },
  "kits.png": {
    "xOffset": 40,
    "yOffset": 30,
    "includeBackground": true
  },
  "level.png": {
    "xOffset": 40,
    "yOffset": 30,
    "includeBackground": true
  },
  "merchant.png": {
    "xOffset": 40,
    "yOffset": 30,
    "includeBackground": true
  },
  "merchantconfirm.png": {
    "xOffset": 40,
    "yOffset": 30,
    "includeBackground": true
  },
  "minions.png": {
    "xOffset": 40,
    "yOffset": 30,
    "includeBackground": true
  },
  "minionslist.png": {
    "xOffset": 40,
    "yOffset": 30,
    "includeBackground": true
  },
  "missions.png": {
    "xOffset": 40,
    "yOffset": 30,
    "includeBackground": true
  },
  "nickcolors.png": {
    "xOffset": 40,
    "yOffset": 30,
    "includeBackground": true
  },
  "nojob.png": {
    "xOffset": 40,
    "yOffset": 30,
    "includeBackground": true
  },
  "opening.png": {
    "xOffset": 40,
    "yOffset": 30,
    "includeBackground": true
  },
  "pets.png": {
    "xOffset": 40,
    "yOffset": 30,
    "includeBackground": true
  },
  "prefixes.png": {
    "xOffset": 40,
    "yOffset": 30,
    "includeBackground": true
  },
  "quests.png": {
    "xOffset": 40,
    "yOffset": 30,
    "includeBackground": true
  },
  "questsmenu.png": {
    "xOffset": 40,
    "yOffset": 30,
    "includeBackground": true
  },
  "ranks.png": {
    "xOffset": 40,
    "yOffset": 30,
    "includeBackground": true
  },
  "reset.png": {
    "xOffset": 40,
    "yOffset": 30,
    "includeBackground": true
  },
  "scroll1.png": {
    "xOffset": 40,
    "yOffset": 30,
    "includeBackground": true
  },
  "scroll2.png": {
    "xOffset": 40,
    "yOffset": 30,
    "includeBackground": true
  },
  "scroll3.png": {
    "xOffset": 40,
    "yOffset": 30,
    "includeBackground": true
  },
  "scroll4.png": {
    "xOffset": 40,
    "yOffset": 30,
    "includeBackground": true
  },
  "sell.png": {
    "xOffset": 40,
    "yOffset": 30,
    "includeBackground": true
  },
  "shop.png": {
    "xOffset": 40,
    "yOffset": 30,
    "includeBackground": true
  },
  "skins.png": {
    "xOffset": 40,
    "yOffset": 30,
    "includeBackground": true
  },
  "trade.png": {
    "xOffset": 40,
    "yOffset": 30,
    "includeBackground": true
  },
  "upgrades.png": {
    "xOffset": 40,
    "yOffset": 30,
    "includeBackground": true
  },
  "withdraw.png": {
    "xOffset": 40,
    "yOffset": 30,
    "includeBackground": true
  }
}