{
  "resource_pack_name": "geyser_custom",
  "texture_name": "atlas.items",
  "texture_data": {
    "gmdl_2bf5490": {
      "textures": "textures/minecraft/toolskins/axes/coral_axe"
    },
    "gmdl_a65817d": {
      "textures": "textures/minecraft/toolskins/axes/null_axe"
    },
    "gmdl_d247a9a": {
      "textures": "textures/minecraft/toolskins/axes/cosmic_axe"
    },
    "gmdl_c166c7d": {
      "textures": "textures/minecraft/toolskins/axes/titanium_axe"
    },
    "gmdl_d3ed477": {
      "textures": "textures/minecraft/toolskins/axes/flame_axe"
    },
    "gmdl_b6688dd": {
      "textures": "textures/minecraft/toolskins/axes/plasma_axe"
    },
    "gmdl_a93c155": {
      "textures": "textures/minecraft/toolskins/axes/flower_axe"
    },
    "gmdl_e53a4cc": {
      "textures": "textures/minecraft/toolskins/axes/grass_axe"
    },
    "gmdl_b395d4e": {
      "textures": "textures/minecraft/toolskins/axes/pearl_axe"
    },
    "gmdl_6e726ac": {
      "textures": "textures/minecraft/toolskins/axes/endstone_axe"
    },
    "gmdl_c54e681": {
      "textures": "textures/minecraft/toolskins/axes/purpur_axe"
    },
    "gmdl_4efe6de": {
      "textures": "textures/minecraft/toolskins/axes/opal_axe"
    },
    "gmdl_9625d4b": {
      "textures": "textures/minecraft/toolskins/axes/heart_axe"
    },
    "gmdl_f80d132": {
      "textures": "textures/minecraft/toolskins/axes/ruby_axe"
    },
    "gmdl_8e8f97e": {
      "textures": "textures/minecraft/toolskins/axes/mushroom_axe"
    },
    "gmdl_269f39f": {
      "textures": "textures/minecraft/toolskins/axes/rainbow_axe"
    },
    "gmdl_218a730": {
      "textures": "textures/minecraft/toolskins/axes/glass_axe"
    },
    "gmdl_b5318e0": {
      "textures": "textures/minecraft/toolskins/axes/lightning_axe"
    },
    "gmdl_bb67b1c": {
      "textures": "textures/minecraft/toolskins/pickaxes/coral_pickaxe"
    },
    "gmdl_6b58b60": {
      "textures": "textures/minecraft/toolskins/pickaxes/null_pickaxe"
    },
    "gmdl_8d027f3": {
      "textures": "textures/minecraft/toolskins/pickaxes/cosmic_pickaxe"
    },
    "gmdl_216c4eb": {
      "textures": "textures/minecraft/toolskins/pickaxes/titanium_pickaxe"
    },
    "gmdl_b12d38d": {
      "textures": "textures/minecraft/toolskins/pickaxes/plasma_pickaxe"
    },
    "gmdl_023f03e": {
      "textures": "textures/minecraft/toolskins/pickaxes/flame_pickaxe"
    },
    "gmdl_7e729ad": {
      "textures": "textures/minecraft/toolskins/pickaxes/grass_pickaxe"
    },
    "gmdl_6d302c1": {
      "textures": "textures/minecraft/toolskins/pickaxes/flower_pickaxe"
    },
    "gmdl_8ea72bd": {
      "textures": "textures/minecraft/toolskins/pickaxes/pearl_pickaxe"
    },
    "gmdl_55770ef": {
      "textures": "textures/minecraft/toolskins/pickaxes/endstone_pickaxe"
    },
    "gmdl_b5d34b1": {
      "textures": "textures/minecraft/toolskins/pickaxes/purpur_pickaxe"
    },
    "gmdl_094f112": {
      "textures": "textures/minecraft/toolskins/pickaxes/opal_pickaxe"
    },
    "gmdl_be1ed53": {
      "textures": "textures/minecraft/toolskins/pickaxes/mushroom_pickaxe"
    },
    "gmdl_3734963": {
      "textures": "textures/minecraft/toolskins/pickaxes/heart_pickaxe"
    },
    "gmdl_c05ab8c": {
      "textures": "textures/minecraft/toolskins/pickaxes/ruby_pickaxe"
    },
    "gmdl_507ac79": {
      "textures": "textures/minecraft/toolskins/pickaxes/rainbow_pickaxe"
    },
    "gmdl_76bb662": {
      "textures": "textures/minecraft/toolskins/pickaxes/lightning_pickaxe"
    },
    "gmdl_349ed48": {
      "textures": "textures/minecraft/toolskins/pickaxes/glass_pickaxe"
    },
    "gmdl_c845f85": {
      "textures": "textures/minecraft/toolskins/shovels/coral_shovel"
    },
    "gmdl_bdc7e86": {
      "textures": "textures/minecraft/toolskins/shovels/null_shovel"
    },
    "gmdl_39ba4aa": {
      "textures": "textures/minecraft/toolskins/shovels/titanium_shovel"
    },
    "gmdl_9eaad81": {
      "textures": "textures/minecraft/toolskins/shovels/cosmic_shovel"
    },
    "gmdl_0a76d2e": {
      "textures": "textures/minecraft/toolskins/shovels/plasma_shovel"
    },
    "gmdl_fd503e9": {
      "textures": "textures/minecraft/toolskins/shovels/flame_shovel"
    },
    "gmdl_df37aff": {
      "textures": "textures/minecraft/toolskins/shovels/grass_shovel"
    },
    "gmdl_4940e26": {
      "textures": "textures/minecraft/toolskins/shovels/pearl_shovel"
    },
    "gmdl_db85f1a": {
      "textures": "textures/minecraft/toolskins/shovels/flower_shovel"
    },
    "gmdl_19a3e28": {
      "textures": "textures/minecraft/toolskins/shovels/endstone_shovel"
    },
    "gmdl_658485c": {
      "textures": "textures/minecraft/toolskins/shovels/opal_shovel"
    },
    "gmdl_95d34bc": {
      "textures": "textures/minecraft/toolskins/shovels/heart_shovel"
    },
    "gmdl_b559c6d": {
      "textures": "textures/minecraft/toolskins/shovels/purpur_shovel"
    },
    "gmdl_3c705f1": {
      "textures": "textures/minecraft/toolskins/shovels/mushroom_shovel"
    },
    "gmdl_0aba618": {
      "textures": "textures/minecraft/toolskins/shovels/ruby_shovel"
    },
    "gmdl_12f4b44": {
      "textures": "textures/minecraft/toolskins/shovels/rainbow_shovel"
    },
    "gmdl_d96e088": {
      "textures": "textures/minecraft/toolskins/shovels/glass_shovel"
    },
    "gmdl_0061273": {
      "textures": "textures/minecraft/toolskins/shovels/lightning_shovel"
    },
    "gmdl_66831a4": {
      "textures": "textures/minecraft/toolskins/swords/coral_sword"
    },
    "gmdl_510600c": {
      "textures": "textures/minecraft/toolskins/swords/null_sword"
    },
    "gmdl_4fedb6f": {
      "textures": "textures/minecraft/toolskins/swords/cosmic_sword"
    },
    "gmdl_1ca8e63": {
      "textures": "textures/minecraft/toolskins/swords/plasma_sword"
    },
    "gmdl_4d07ef3": {
      "textures": "textures/minecraft/toolskins/swords/titanium_sword"
    },
    "gmdl_ca603fb": {
      "textures": "textures/minecraft/toolskins/swords/flame_sword"
    },
    "gmdl_d76a723": {
      "textures": "textures/minecraft/toolskins/swords/grass_sword"
    },
    "gmdl_304c4fd": {
      "textures": "textures/minecraft/toolskins/swords/flower_sword"
    },
    "gmdl_ecfee2e": {
      "textures": "textures/minecraft/toolskins/swords/pearl_sword"
    },
    "gmdl_a6a4e40": {
      "textures": "textures/minecraft/toolskins/swords/endstone_sword"
    },
    "gmdl_e0cd0c6": {
      "textures": "textures/minecraft/toolskins/swords/purpur_sword"
    },
    "gmdl_9c48f62": {
      "textures": "textures/minecraft/toolskins/swords/opal_sword"
    },
    "gmdl_26351f7": {
      "textures": "textures/minecraft/toolskins/swords/heart_sword"
    },
    "gmdl_07adb3a": {
      "textures": "textures/minecraft/toolskins/swords/ruby_sword"
    },
    "gmdl_fdf6bbf": {
      "textures": "textures/minecraft/toolskins/swords/mushroom_sword"
    },
    "gmdl_dc003ba": {
      "textures": "textures/minecraft/toolskins/swords/glass_sword"
    },
    "gmdl_d43178c": {
      "textures": "textures/minecraft/toolskins/swords/rainbow_sword"
    },
    "gmdl_942715c": {
      "textures": "textures/minecraft/toolskins/swords/lightning_sword"
    },
    "gmdl_9c64003": {
      "textures": "textures/minecraft/skyblock/setup/air"
    },
    "gmdl_29f431c": {
      "textures": "textures/minecraft/skyblock/setup/left"
    },
    "gmdl_d084cff": {
      "textures": "textures/minecraft/toolskins/axes/coral_axe"
    },
    "gmdl_765930a": {
      "textures": "textures/minecraft/toolskins/axes/null_axe"
    },
    "gmdl_0c7084a": {
      "textures": "textures/minecraft/toolskins/axes/cosmic_axe"
    },
    "gmdl_14703b3": {
      "textures": "textures/minecraft/skyblock/setup/right"
    },
    "gmdl_c958148": {
      "textures": "textures/minecraft/toolskins/axes/titanium_axe"
    },
    "gmdl_43b777b": {
      "textures": "textures/minecraft/toolskins/axes/plasma_axe"
    },
    "gmdl_0400680": {
      "textures": "textures/minecraft/toolskins/axes/flame_axe"
    },
    "gmdl_3878f2b": {
      "textures": "textures/minecraft/toolskins/axes/grass_axe"
    },
    "gmdl_a338824": {
      "textures": "textures/minecraft/toolskins/axes/flower_axe"
    },
    "gmdl_d214736": {
      "textures": "textures/minecraft/toolskins/axes/pearl_axe"
    },
    "gmdl_85e786c": {
      "textures": "textures/minecraft/toolskins/axes/purpur_axe"
    },
    "gmdl_62e9acd": {
      "textures": "textures/minecraft/toolskins/axes/endstone_axe"
    },
    "gmdl_0597333": {
      "textures": "textures/minecraft/toolskins/axes/opal_axe"
    },
    "gmdl_7167493": {
      "textures": "textures/minecraft/toolskins/axes/heart_axe"
    },
    "gmdl_f09ccae": {
      "textures": "textures/minecraft/toolskins/axes/ruby_axe"
    },
    "gmdl_e0f34fc": {
      "textures": "textures/minecraft/toolskins/axes/mushroom_axe"
    },
    "gmdl_bb444d9": {
      "textures": "textures/minecraft/toolskins/axes/rainbow_axe"
    },
    "gmdl_bed0f47": {
      "textures": "textures/minecraft/toolskins/axes/glass_axe"
    },
    "gmdl_a308fba": {
      "textures": "textures/minecraft/toolskins/pickaxes/null_pickaxe"
    },
    "gmdl_2eda3d0": {
      "textures": "textures/minecraft/toolskins/pickaxes/coral_pickaxe"
    },
    "gmdl_2f62462": {
      "textures": "textures/minecraft/toolskins/axes/lightning_axe"
    },
    "gmdl_3ca7cc5": {
      "textures": "textures/minecraft/toolskins/pickaxes/cosmic_pickaxe"
    },
    "gmdl_fa7d728": {
      "textures": "textures/minecraft/toolskins/pickaxes/titanium_pickaxe"
    },
    "gmdl_f754b9b": {
      "textures": "textures/minecraft/toolskins/pickaxes/plasma_pickaxe"
    },
    "gmdl_0023985": {
      "textures": "textures/minecraft/toolskins/pickaxes/grass_pickaxe"
    },
    "gmdl_45d4759": {
      "textures": "textures/minecraft/toolskins/pickaxes/flame_pickaxe"
    },
    "gmdl_200fa36": {
      "textures": "textures/minecraft/toolskins/pickaxes/flower_pickaxe"
    },
    "gmdl_bc02dbf": {
      "textures": "textures/minecraft/toolskins/pickaxes/pearl_pickaxe"
    },
    "gmdl_0b15e22": {
      "textures": "textures/minecraft/toolskins/pickaxes/opal_pickaxe"
    },
    "gmdl_a8b9f7f": {
      "textures": "textures/minecraft/toolskins/pickaxes/endstone_pickaxe"
    },
    "gmdl_29ea6b8": {
      "textures": "textures/minecraft/toolskins/pickaxes/purpur_pickaxe"
    },
    "gmdl_cebab2c": {
      "textures": "textures/minecraft/toolskins/pickaxes/heart_pickaxe"
    },
    "gmdl_067baa9": {
      "textures": "textures/minecraft/toolskins/pickaxes/ruby_pickaxe"
    },
    "gmdl_4003b2d": {
      "textures": "textures/minecraft/toolskins/pickaxes/mushroom_pickaxe"
    },
    "gmdl_a8ad02e": {
      "textures": "textures/minecraft/toolskins/pickaxes/rainbow_pickaxe"
    },
    "gmdl_e350bc0": {
      "textures": "textures/minecraft/toolskins/pickaxes/glass_pickaxe"
    },
    "gmdl_6b6b3df": {
      "textures": "textures/minecraft/toolskins/shovels/coral_shovel"
    },
    "gmdl_8b74c18": {
      "textures": "textures/minecraft/toolskins/pickaxes/lightning_pickaxe"
    },
    "gmdl_b403aa3": {
      "textures": "textures/minecraft/toolskins/shovels/null_shovel"
    },
    "gmdl_78d795b": {
      "textures": "textures/minecraft/toolskins/shovels/cosmic_shovel"
    },
    "gmdl_2740687": {
      "textures": "textures/minecraft/toolskins/shovels/titanium_shovel"
    },
    "gmdl_1ed5280": {
      "textures": "textures/minecraft/toolskins/shovels/plasma_shovel"
    },
    "gmdl_700fbf2": {
      "textures": "textures/minecraft/toolskins/shovels/flame_shovel"
    },
    "gmdl_2d41cbb": {
      "textures": "textures/minecraft/toolskins/shovels/grass_shovel"
    },
    "gmdl_3cac773": {
      "textures": "textures/minecraft/toolskins/shovels/flower_shovel"
    },
    "gmdl_9e054e9": {
      "textures": "textures/minecraft/toolskins/shovels/pearl_shovel"
    },
    "gmdl_7d2e915": {
      "textures": "textures/minecraft/toolskins/shovels/opal_shovel"
    },
    "gmdl_d706788": {
      "textures": "textures/minecraft/toolskins/shovels/ruby_shovel"
    },
    "gmdl_96f6e63": {
      "textures": "textures/minecraft/toolskins/shovels/endstone_shovel"
    },
    "gmdl_855dab2": {
      "textures": "textures/minecraft/toolskins/shovels/mushroom_shovel"
    },
    "gmdl_5acd522": {
      "textures": "textures/minecraft/toolskins/shovels/heart_shovel"
    },
    "gmdl_36a63dd": {
      "textures": "textures/minecraft/toolskins/shovels/purpur_shovel"
    },
    "gmdl_a73955e": {
      "textures": "textures/minecraft/toolskins/shovels/rainbow_shovel"
    },
    "gmdl_6793a2b": {
      "textures": "textures/minecraft/toolskins/shovels/lightning_shovel"
    },
    "gmdl_806979b": {
      "textures": "textures/minecraft/toolskins/shovels/glass_shovel"
    },
    "gmdl_6d79213": {
      "textures": "textures/minecraft/toolskins/swords/coral_sword"
    },
    "gmdl_ffb47ca": {
      "textures": "textures/minecraft/toolskins/swords/null_sword"
    },
    "gmdl_ab15951": {
      "textures": "textures/minecraft/toolskins/swords/cosmic_sword"
    },
    "gmdl_0e6b7ee": {
      "textures": "textures/minecraft/toolskins/swords/titanium_sword"
    },
    "gmdl_543bd16": {
      "textures": "textures/minecraft/toolskins/swords/plasma_sword"
    },
    "gmdl_dea2aae": {
      "textures": "textures/minecraft/toolskins/swords/flame_sword"
    },
    "gmdl_997dee5": {
      "textures": "textures/minecraft/toolskins/swords/grass_sword"
    },
    "gmdl_542e65f": {
      "textures": "textures/minecraft/toolskins/swords/pearl_sword"
    },
    "gmdl_c432d05": {
      "textures": "textures/minecraft/toolskins/swords/flower_sword"
    },
    "gmdl_8f9f756": {
      "textures": "textures/minecraft/toolskins/swords/endstone_sword"
    },
    "gmdl_bde0593": {
      "textures": "textures/minecraft/toolskins/swords/opal_sword"
    },
    "gmdl_a039884": {
      "textures": "textures/minecraft/toolskins/swords/heart_sword"
    },
    "gmdl_7228737": {
      "textures": "textures/minecraft/toolskins/swords/purpur_sword"
    },
    "gmdl_e5e0dd5": {
      "textures": "textures/minecraft/toolskins/swords/mushroom_sword"
    },
    "gmdl_a1d5339": {
      "textures": "textures/minecraft/toolskins/swords/ruby_sword"
    },
    "gmdl_b122006": {
      "textures": "textures/minecraft/toolskins/swords/rainbow_sword"
    },
    "gmdl_74e6aa1": {
      "textures": "textures/minecraft/toolskins/swords/glass_sword"
    },
    "gmdl_6819ce9": {
      "textures": "textures/minecraft/toolskins/swords/lightning_sword"
    },
    "gmdl_2e1f4d4": {
      "textures": "textures/minecraft/skyblock/setup/chest1"
    },
    "gmdl_02f9a13": {
      "textures": "textures/minecraft/skyblock/setup/chest3"
    },
    "gmdl_da3f901": {
      "textures": "textures/minecraft/skyblock/setup/jobrew2"
    },
    "gmdl_1a01536": {
      "textures": "textures/minecraft/skyblock/setup/jobrew1"
    },
    "gmdl_679686b": {
      "textures": "textures/minecraft/skyblock/setup/chest2"
    },
    "gmdl_bd1e1e0": {
      "textures": "textures/minecraft/skyblock/setup/jobrew3"
    },
    "gmdl_af25378": {
      "textures": "textures/minecraft/skyblock/setup/jobrew4"
    },
    "gmdl_1fadd7e": {
      "textures": "textures/minecraft/skyblock/setup/jobrew5"
    },
    "gmdl_2c498ed": {
      "textures": "textures/minecraft/skyblock/setup/claimed"
    },
    "gmdl_daf204c": {
      "textures": "textures/minecraft/skyblock/setup/lock"
    },
    "gmdl_c81f265": {
      "textures": "textures/minecraft/skyblock/setup/magicfeather"
    },
    "gmdl_d488afd": {
      "textures": "textures/minecraft/skyblock/setup/locked"
    }
  }
}
