{"format_version":"1.16.0","minecraft:geometry":[{"description":{"identifier":"geometry.geyser_custom.geo_f1a9f6a","texture_width":16,"texture_height":16,"visible_bounds_width":4,"visible_bounds_height":4.5,"visible_bounds_offset":[0,0.75,0]},"bones":[{"name":"geyser_custom","binding":"c.item_slot == 'head' ? 'head' : q.item_slot_to_bone_name(c.item_slot)","pivot":[0,8,0]},{"name":"geyser_custom_x","parent":"geyser_custom","pivot":[0,8,0]},{"name":"geyser_custom_y","parent":"geyser_custom_x","pivot":[0,8,0]},{"name":"geyser_custom_z","parent":"geyser_custom_y","pivot":[0,8,0],"cubes":[]},{"parent":"geyser_custom_z","pivot":[0,5,0],"rotation":[45,0,0],"cubes":[{"origin":[-1,4.0054,-5],"size":[2,1.9891,10],"pivot":[0,5,0],"uv":{"north":{"uv":[11.016,6.016],"uv_size":[0.984,0.984]},"south":{"uv":[11.016,7.016],"uv_size":[0.984,0.984]},"east":{"uv":[4.016,0.016],"uv_size":[4.984,0.984]},"west":{"uv":[4.016,1.016],"uv_size":[4.984,0.984]},"up":{"uv":[4.016,2.016],"uv_size":[0.984,4.984]},"down":{"uv":[0.016,9.984],"uv_size":[0.984,-4.984]}}}],"name":"rot_1"},{"parent":"geyser_custom_z","pivot":[0,5,0],"rotation":[22.5,0,0],"cubes":[{"origin":[-1,4.0054,-5],"size":[2,1.9891,10],"pivot":[0,5,0],"uv":{"north":{"uv":[11.016,9.016],"uv_size":[0.984,0.984]},"south":{"uv":[11.016,10.016],"uv_size":[0.984,0.984]},"east":{"uv":[5.016,2.016],"uv_size":[4.984,0.984]},"west":{"uv":[5.016,3.016],"uv_size":[4.984,0.984]},"up":{"uv":[1.016,5.016],"uv_size":[0.984,4.984]},"down":{"uv":[2.016,9.984],"uv_size":[0.984,-4.984]}}},{"origin":[-1,0,-0.9946],"size":[2,10,1.9891],"pivot":[0,5,0],"uv":{"north":{"uv":[9.016,9.016],"uv_size":[0.984,4.984]},"south":{"uv":[1.016,10.016],"uv_size":[0.984,4.984]},"east":{"uv":[0.016,10.016],"uv_size":[0.984,4.984]},"west":{"uv":[10.016,1.016],"uv_size":[0.984,4.984]},"up":{"uv":[5.016,12.016],"uv_size":[0.984,0.984]},"down":{"uv":[12.016,5.984],"uv_size":[0.984,-0.984]}}}],"name":"rot_2"},{"parent":"geyser_custom_z","pivot":[0,5,0],"rotation":[-0,0,0],"cubes":[{"origin":[-1,4.0054,-5],"size":[2,1.9891,10],"pivot":[0,5,0],"uv":{"north":{"uv":[11.016,11.016],"uv_size":[0.984,0.984]},"south":{"uv":[12.016,1.016],"uv_size":[0.984,0.984]},"east":{"uv":[5.016,4.016],"uv_size":[4.984,0.984]},"west":{"uv":[5.016,5.016],"uv_size":[4.984,0.984]},"up":{"uv":[3.016,5.016],"uv_size":[0.984,4.984]},"down":{"uv":[5.016,10.984],"uv_size":[0.984,-4.984]}}},{"origin":[-1,0,-0.9946],"size":[2,10,1.9891],"pivot":[0,5,0],"uv":{"north":{"uv":[2.016,10.016],"uv_size":[0.984,4.984]},"south":{"uv":[10.016,9.016],"uv_size":[0.984,4.984]},"east":{"uv":[3.016,10.016],"uv_size":[0.984,4.984]},"west":{"uv":[11.016,1.016],"uv_size":[0.984,4.984]},"up":{"uv":[12.016,6.016],"uv_size":[0.984,0.984]},"down":{"uv":[12.016,7.984],"uv_size":[0.984,-0.984]}}}],"name":"rot_3"},{"parent":"geyser_custom_z","pivot":[0,5,0],"rotation":[0,-0,0],"cubes":[{"origin":[-1,4.0054,-5],"size":[2,1.9891,10],"pivot":[0,5,0],"uv":{"north":{"uv":[11.016,11.016],"uv_size":[0.984,0.984]},"south":{"uv":[12.016,1.016],"uv_size":[0.984,0.984]},"east":{"uv":[5.016,4.016],"uv_size":[4.984,0.984]},"west":{"uv":[5.016,5.016],"uv_size":[4.984,0.984]},"up":{"uv":[3.016,5.016],"uv_size":[0.984,4.984]},"down":{"uv":[5.016,10.984],"uv_size":[0.984,-4.984]}}},{"origin":[-1,0,-0.9946],"size":[2,10,1.9891],"pivot":[0,5,0],"uv":{"north":{"uv":[2.016,10.016],"uv_size":[0.984,4.984]},"south":{"uv":[10.016,9.016],"uv_size":[0.984,4.984]},"east":{"uv":[3.016,10.016],"uv_size":[0.984,4.984]},"west":{"uv":[11.016,1.016],"uv_size":[0.984,4.984]},"up":{"uv":[12.016,6.016],"uv_size":[0.984,0.984]},"down":{"uv":[12.016,7.984],"uv_size":[0.984,-0.984]}}}],"name":"rot_4"},{"parent":"geyser_custom_z","pivot":[0,5,0],"rotation":[-22.5,0,0],"cubes":[{"origin":[-1,4.0054,-5],"size":[2,1.9891,10],"pivot":[0,5,0],"uv":{"north":{"uv":[12.016,2.016],"uv_size":[0.984,0.984]},"south":{"uv":[12.016,3.016],"uv_size":[0.984,0.984]},"east":{"uv":[6.016,6.016],"uv_size":[4.984,0.984]},"west":{"uv":[6.016,7.016],"uv_size":[4.984,0.984]},"up":{"uv":[4.016,7.016],"uv_size":[0.984,4.984]},"down":{"uv":[6.016,12.984],"uv_size":[0.984,-4.984]}}},{"origin":[-1,0,-0.9946],"size":[2,10,1.9891],"pivot":[0,5,0],"uv":{"north":{"uv":[0.016,0.016],"uv_size":[0.984,4.984]},"south":{"uv":[2.016,0.016],"uv_size":[0.984,4.984]},"east":{"uv":[1.016,0.016],"uv_size":[0.984,4.984]},"west":{"uv":[3.016,0.016],"uv_size":[0.984,4.984]},"up":{"uv":[9.016,1.016],"uv_size":[0.984,0.984]},"down":{"uv":[5.016,11.984],"uv_size":[0.984,-0.984]}}}],"name":"rot_5"},{"parent":"geyser_custom_z","pivot":[0,5,0],"rotation":[-45,0,0],"cubes":[{"origin":[-1,4.0054,-5],"size":[2,1.9891,10],"pivot":[0,5,0],"uv":{"north":{"uv":[4.016,12.016],"uv_size":[0.984,0.984]},"south":{"uv":[12.016,4.016],"uv_size":[0.984,0.984]},"east":{"uv":[7.016,8.016],"uv_size":[4.984,0.984]},"west":{"uv":[9.016,0.016],"uv_size":[4.984,0.984]},"up":{"uv":[7.016,9.016],"uv_size":[0.984,4.984]},"down":{"uv":[8.016,13.984],"uv_size":[0.984,-4.984]}}}],"name":"rot_6"}]}]}
