{"format_version":"1.16.0","minecraft:geometry":[{"description":{"identifier":"geometry.geyser_custom.geo_a9ef3ff","texture_width":16,"texture_height":16,"visible_bounds_width":4,"visible_bounds_height":4.5,"visible_bounds_offset":[0,0.75,0]},"bones":[{"name":"geyser_custom","binding":"c.item_slot == 'head' ? 'head' : q.item_slot_to_bone_name(c.item_slot)","pivot":[0,8,0]},{"name":"geyser_custom_x","parent":"geyser_custom","pivot":[0,8,0]},{"name":"geyser_custom_y","parent":"geyser_custom_x","pivot":[0,8,0]},{"name":"geyser_custom_z","parent":"geyser_custom_y","pivot":[0,8,0],"cubes":[]},{"parent":"geyser_custom_z","pivot":[6,4,-1],"rotation":[0,-0,0],"cubes":[{"origin":[4,4,-1],"size":[1,1,2],"pivot":[6,4,-1],"uv":{"north":{"uv":[6.508,5.008],"uv_size":[0.492,0.492]},"south":{"uv":[2.008,7.008],"uv_size":[0.492,0.492]},"east":{"uv":[10.016,1.008],"uv_size":[0.984,0.492]},"west":{"uv":[2.016,10.008],"uv_size":[0.984,0.492]},"up":{"uv":[3.008,10.016],"uv_size":[0.492,0.984]},"down":{"uv":[3.508,10.984],"uv_size":[0.492,-0.984]}}}],"name":"rot_1"},{"parent":"geyser_custom_z","pivot":[5,0,-1],"rotation":[0,-0,0],"cubes":[{"origin":[3,0,-1],"size":[2,1,2],"pivot":[5,0,-1],"uv":{"north":{"uv":[9.016,8.008],"uv_size":[0.984,0.492]},"south":{"uv":[0.016,9.508],"uv_size":[0.984,0.492]},"east":{"uv":[9.016,9.008],"uv_size":[0.984,0.492]},"west":{"uv":[1.016,9.508],"uv_size":[0.984,0.492]},"up":{"uv":[6.516,3.016],"uv_size":[0.984,0.984]},"down":{"uv":[3.516,7.484],"uv_size":[0.984,-0.984]}}}],"name":"rot_2"},{"parent":"geyser_custom_z","pivot":[5,5,-1],"rotation":[0,-0,0],"cubes":[{"origin":[3,5,-1],"size":[2,1,2],"pivot":[5,5,-1],"uv":{"north":{"uv":[10.016,5.008],"uv_size":[0.984,0.492]},"south":{"uv":[6.016,10.008],"uv_size":[0.984,0.492]},"east":{"uv":[10.016,5.508],"uv_size":[0.984,0.492]},"west":{"uv":[10.016,6.008],"uv_size":[0.984,0.492]},"up":{"uv":[7.516,4.016],"uv_size":[0.984,0.984]},"down":{"uv":[5.016,8.484],"uv_size":[0.984,-0.984]}}}],"name":"rot_3"},{"parent":"geyser_custom_z","pivot":[4,1,-1],"rotation":[0,-0,0],"cubes":[{"origin":[2,1,-1],"size":[3,1,2],"pivot":[4,1,-1],"uv":{"north":{"uv":[8.516,6.508],"uv_size":[1.484,0.492]},"south":{"uv":[7.016,8.508],"uv_size":[1.484,0.492]},"east":{"uv":[9.016,7.508],"uv_size":[0.984,0.492]},"west":{"uv":[8.016,9.008],"uv_size":[0.984,0.492]},"up":{"uv":[2.016,1.016],"uv_size":[1.484,0.984]},"down":{"uv":[1.516,2.984],"uv_size":[1.484,-0.984]}}}],"name":"rot_4"},{"parent":"geyser_custom_z","pivot":[4,6,-1],"rotation":[0,-0,0],"cubes":[{"origin":[2,6,-1],"size":[3,1,2],"pivot":[4,6,-1],"uv":{"north":{"uv":[9.016,0.508],"uv_size":[1.484,0.492]},"south":{"uv":[9.016,1.508],"uv_size":[1.484,0.492]},"east":{"uv":[10.016,4.508],"uv_size":[0.984,0.492]},"west":{"uv":[5.016,10.008],"uv_size":[0.984,0.492]},"up":{"uv":[5.016,1.016],"uv_size":[1.484,0.984]},"down":{"uv":[5.016,4.484],"uv_size":[1.484,-0.984]}}}],"name":"rot_5"},{"parent":"geyser_custom_z","pivot":[3,2,-1],"rotation":[0,-0,0],"cubes":[{"origin":[1,2,-1],"size":[3,2,2],"pivot":[3,2,-1],"uv":{"north":{"uv":[3.516,0.016],"uv_size":[1.484,0.984]},"south":{"uv":[3.516,1.016],"uv_size":[1.484,0.984]},"east":{"uv":[1.016,7.016],"uv_size":[0.984,0.984]},"west":{"uv":[7.016,2.016],"uv_size":[0.984,0.984]},"up":{"uv":[0.016,4.016],"uv_size":[1.484,0.984]},"down":{"uv":[1.516,4.984],"uv_size":[1.484,-0.984]}}}],"name":"rot_6"},{"parent":"geyser_custom_z","pivot":[3,7,-1],"rotation":[0,-0,0],"cubes":[{"origin":[1,7,-1],"size":[3,2,2],"pivot":[3,7,-1],"uv":{"north":{"uv":[5.516,5.516],"uv_size":[1.484,0.984]},"south":{"uv":[1.016,6.016],"uv_size":[1.484,0.984]},"east":{"uv":[8.016,5.016],"uv_size":[0.984,0.984]},"west":{"uv":[8.016,7.516],"uv_size":[0.984,0.984]},"up":{"uv":[6.516,0.016],"uv_size":[1.484,0.984]},"down":{"uv":[6.516,1.984],"uv_size":[1.484,-0.984]}}}],"name":"rot_7"},{"parent":"geyser_custom_z","pivot":[2,4,-1],"rotation":[0,-0,0],"cubes":[{"origin":[1,4,-1],"size":[2,1,2],"pivot":[2,4,-1],"uv":{"north":{"uv":[9.516,3.508],"uv_size":[0.984,0.492]},"south":{"uv":[9.516,4.008],"uv_size":[0.984,0.492]},"east":{"uv":[4.016,9.508],"uv_size":[0.984,0.492]},"west":{"uv":[5.016,9.508],"uv_size":[0.984,0.492]},"up":{"uv":[7.016,5.016],"uv_size":[0.984,0.984]},"down":{"uv":[0.016,8.484],"uv_size":[0.984,-0.984]}}}],"name":"rot_8"},{"parent":"geyser_custom_z","pivot":[2,9,-1],"rotation":[0,-0,0],"cubes":[{"origin":[1,9,-1],"size":[2,1,2],"pivot":[2,9,-1],"uv":{"north":{"uv":[0.016,10.508],"uv_size":[0.984,0.492]},"south":{"uv":[10.516,0.508],"uv_size":[0.984,0.492]},"east":{"uv":[10.516,0.008],"uv_size":[0.984,0.492]},"west":{"uv":[10.516,1.508],"uv_size":[0.984,0.492]},"up":{"uv":[0.016,8.516],"uv_size":[0.984,0.984]},"down":{"uv":[2.016,9.484],"uv_size":[0.984,-0.984]}}}],"name":"rot_9"},{"parent":"geyser_custom_z","pivot":[0,4,-1],"rotation":[0,-0,0],"cubes":[{"origin":[-1,3,-1],"size":[2,3,2],"pivot":[0,4,-1],"uv":{"north":{"uv":[3.016,4.016],"uv_size":[0.984,1.484]},"south":{"uv":[4.516,2.016],"uv_size":[0.984,1.484]},"east":{"uv":[4.016,4.016],"uv_size":[0.984,1.484]},"west":{"uv":[0.016,5.016],"uv_size":[0.984,1.484]},"up":{"uv":[2.016,7.516],"uv_size":[0.984,0.984]},"down":{"uv":[3.016,8.484],"uv_size":[0.984,-0.984]}}}],"name":"rot_10"},{"parent":"geyser_custom_z","pivot":[0,9,-1],"rotation":[0,-0,0],"cubes":[{"origin":[-1,8,-1],"size":[2,2,2],"pivot":[0,9,-1],"uv":{"north":{"uv":[8.516,2.516],"uv_size":[0.984,0.984]},"south":{"uv":[8.516,3.516],"uv_size":[0.984,0.984]},"east":{"uv":[3.016,8.516],"uv_size":[0.984,0.984]},"west":{"uv":[4.016,8.516],"uv_size":[0.984,0.984]},"up":{"uv":[5.016,8.516],"uv_size":[0.984,0.984]},"down":{"uv":[6.016,9.484],"uv_size":[0.984,-0.984]}}}],"name":"rot_11"},{"parent":"geyser_custom_z","pivot":[-1,10,-1],"rotation":[0,-0,0],"cubes":[{"origin":[-2,10,-1],"size":[4,1,2],"pivot":[-1,10,-1],"uv":{"north":{"uv":[7.516,7.008],"uv_size":[1.984,0.492]},"south":{"uv":[8.016,1.008],"uv_size":[1.984,0.492]},"east":{"uv":[10.016,8.008],"uv_size":[0.984,0.492]},"west":{"uv":[10.016,8.508],"uv_size":[0.984,0.492]},"up":{"uv":[0.016,0.016],"uv_size":[1.984,0.984]},"down":{"uv":[0.016,1.984],"uv_size":[1.984,-0.984]}}}],"name":"rot_12"},{"parent":"geyser_custom_z","pivot":[-1,11,-1],"rotation":[0,-0,0],"cubes":[{"origin":[-1,11,-1],"size":[2,1,2],"pivot":[-1,11,-1],"uv":{"north":{"uv":[9.016,10.008],"uv_size":[0.984,0.492]},"south":{"uv":[10.016,9.508],"uv_size":[0.984,0.492]},"east":{"uv":[10.016,9.008],"uv_size":[0.984,0.492]},"west":{"uv":[10.016,10.008],"uv_size":[0.984,0.492]},"up":{"uv":[1.016,8.016],"uv_size":[0.984,0.984]},"down":{"uv":[8.016,2.484],"uv_size":[0.984,-0.984]}}}],"name":"rot_13"},{"parent":"geyser_custom_z","pivot":[-2,2,-1],"rotation":[0,-0,0],"cubes":[{"origin":[-4,2,-1],"size":[3,2,2],"pivot":[-2,2,-1],"uv":{"north":{"uv":[0.016,3.016],"uv_size":[1.484,0.984]},"south":{"uv":[1.516,3.016],"uv_size":[1.484,0.984]},"east":{"uv":[6.516,4.016],"uv_size":[0.984,0.984]},"west":{"uv":[4.516,6.516],"uv_size":[0.984,0.984]},"up":{"uv":[3.016,2.016],"uv_size":[1.484,0.984]},"down":{"uv":[3.016,3.984],"uv_size":[1.484,-0.984]}}}],"name":"rot_14"},{"parent":"geyser_custom_z","pivot":[-2,4,-1],"rotation":[0,-0,0],"cubes":[{"origin":[-3,4,-1],"size":[2,1,2],"pivot":[-2,4,-1],"uv":{"north":{"uv":[2.016,9.508],"uv_size":[0.984,0.492]},"south":{"uv":[3.016,9.508],"uv_size":[0.984,0.492]},"east":{"uv":[9.516,2.508],"uv_size":[0.984,0.492]},"west":{"uv":[9.516,3.008],"uv_size":[0.984,0.492]},"up":{"uv":[5.516,6.516],"uv_size":[0.984,0.984]},"down":{"uv":[6.516,7.484],"uv_size":[0.984,-0.984]}}}],"name":"rot_15"},{"parent":"geyser_custom_z","pivot":[-2,7,-1],"rotation":[0,-0,0],"cubes":[{"origin":[-4,7,-1],"size":[3,2,2],"pivot":[-2,7,-1],"uv":{"north":{"uv":[5.016,4.516],"uv_size":[1.484,0.984]},"south":{"uv":[5.516,2.016],"uv_size":[1.484,0.984]},"east":{"uv":[6.016,7.516],"uv_size":[0.984,0.984]},"west":{"uv":[7.516,6.016],"uv_size":[0.984,0.984]},"up":{"uv":[2.516,5.516],"uv_size":[1.484,0.984]},"down":{"uv":[4.016,6.484],"uv_size":[1.484,-0.984]}}}],"name":"rot_16"},{"parent":"geyser_custom_z","pivot":[-2,9,-1],"rotation":[0,-0,0],"cubes":[{"origin":[-3,9,-1],"size":[2,1,2],"pivot":[-2,9,-1],"uv":{"north":{"uv":[10.016,6.508],"uv_size":[0.984,0.492]},"south":{"uv":[10.016,7.508],"uv_size":[0.984,0.492]},"east":{"uv":[7.016,10.008],"uv_size":[0.984,0.492]},"west":{"uv":[8.016,10.008],"uv_size":[0.984,0.492]},"up":{"uv":[7.016,7.516],"uv_size":[0.984,0.984]},"down":{"uv":[8.016,0.984],"uv_size":[0.984,-0.984]}}}],"name":"rot_17"},{"parent":"geyser_custom_z","pivot":[-3,0,-1],"rotation":[0,-0,0],"cubes":[{"origin":[-5,0,-1],"size":[2,1,2],"pivot":[-3,0,-1],"uv":{"north":{"uv":[5.516,3.008],"uv_size":[0.984,0.492]},"south":{"uv":[9.016,2.008],"uv_size":[0.984,0.492]},"east":{"uv":[1.016,9.008],"uv_size":[0.984,0.492]},"west":{"uv":[9.016,5.008],"uv_size":[0.984,0.492]},"up":{"uv":[0.016,6.516],"uv_size":[0.984,0.984]},"down":{"uv":[2.516,7.484],"uv_size":[0.984,-0.984]}}}],"name":"rot_18"},{"parent":"geyser_custom_z","pivot":[-3,1,-1],"rotation":[0,-0,0],"cubes":[{"origin":[-5,1,-1],"size":[3,1,2],"pivot":[-3,1,-1],"uv":{"north":{"uv":[8.516,4.508],"uv_size":[1.484,0.492]},"south":{"uv":[8.516,6.008],"uv_size":[1.484,0.492]},"east":{"uv":[9.016,5.508],"uv_size":[0.984,0.492]},"west":{"uv":[7.016,9.008],"uv_size":[0.984,0.492]},"up":{"uv":[0.016,2.016],"uv_size":[1.484,0.984]},"down":{"uv":[2.016,0.984],"uv_size":[1.484,-0.984]}}}],"name":"rot_19"},{"parent":"geyser_custom_z","pivot":[-3,4,-1],"rotation":[0,-0,0],"cubes":[{"origin":[-5,4,-1],"size":[1,1,2],"pivot":[-3,4,-1],"uv":{"north":{"uv":[4.508,3.508],"uv_size":[0.492,0.492]},"south":{"uv":[2.508,5.008],"uv_size":[0.492,0.492]},"east":{"uv":[9.016,9.508],"uv_size":[0.984,0.492]},"west":{"uv":[0.016,10.008],"uv_size":[0.984,0.492]},"up":{"uv":[1.008,10.016],"uv_size":[0.492,0.984]},"down":{"uv":[1.508,10.984],"uv_size":[0.492,-0.984]}}}],"name":"rot_20"},{"parent":"geyser_custom_z","pivot":[-3,5,-1],"rotation":[0,-0,0],"cubes":[{"origin":[-5,5,-1],"size":[2,1,2],"pivot":[-3,5,-1],"uv":{"north":{"uv":[6.016,9.508],"uv_size":[0.984,0.492]},"south":{"uv":[9.516,7.008],"uv_size":[0.984,0.492]},"east":{"uv":[7.016,9.508],"uv_size":[0.984,0.492]},"west":{"uv":[8.016,9.508],"uv_size":[0.984,0.492]},"up":{"uv":[7.516,3.016],"uv_size":[0.984,0.984]},"down":{"uv":[4.016,8.484],"uv_size":[0.984,-0.984]}}}],"name":"rot_21"},{"parent":"geyser_custom_z","pivot":[-3,6,-1],"rotation":[0,-0,0],"cubes":[{"origin":[-5,6,-1],"size":[3,1,2],"pivot":[-3,6,-1],"uv":{"north":{"uv":[8.516,8.508],"uv_size":[1.484,0.492]},"south":{"uv":[9.016,0.008],"uv_size":[1.484,0.492]},"east":{"uv":[10.016,2.008],"uv_size":[0.984,0.492]},"west":{"uv":[4.016,10.008],"uv_size":[0.984,0.492]},"up":{"uv":[5.016,0.016],"uv_size":[1.484,0.984]},"down":{"uv":[1.016,5.984],"uv_size":[1.484,-0.984]}}}],"name":"rot_22"}]}]}
