{"format_version":"1.16.0","minecraft:geometry":[{"description":{"identifier":"geometry.geyser_custom.geo_3a52630","texture_width":16,"texture_height":16,"visible_bounds_width":4,"visible_bounds_height":4.5,"visible_bounds_offset":[0,0.75,0]},"bones":[{"name":"geyser_custom","binding":"c.item_slot == 'head' ? 'head' : q.item_slot_to_bone_name(c.item_slot)","pivot":[0,8,0]},{"name":"geyser_custom_x","parent":"geyser_custom","pivot":[0,8,0]},{"name":"geyser_custom_y","parent":"geyser_custom_x","pivot":[0,8,0]},{"name":"geyser_custom_z","parent":"geyser_custom_y","pivot":[0,8,0],"cubes":[]},{"parent":"geyser_custom_z","pivot":[0,1,0],"rotation":[0,22.5,0],"cubes":[{"origin":[-1.5913,0,8],"size":[3.1826,7,0],"pivot":[0,1,0],"uv":{"north":{"uv":[3.0128,0.016],"uv_size":[0.7841,1.734]},"south":{"uv":[3.0128,1.766],"uv_size":[0.7841,1.734]},"east":{"uv":[0,0.016],"uv_size":[0,1.734]},"west":{"uv":[0,0.016],"uv_size":[0,1.734]},"up":{"uv":[0.0128,0],"uv_size":[0.7841,0]},"down":{"uv":[0.0128,0],"uv_size":[0.7841,0]}}},{"origin":[-8,0,-1.5913],"size":[0,7,3.1826],"pivot":[0,1,0],"uv":{"north":{"uv":[0,0.016],"uv_size":[0,1.734]},"south":{"uv":[0,0.016],"uv_size":[0,1.734]},"east":{"uv":[4.0128,3.516],"uv_size":[0.7841,1.734]},"west":{"uv":[5.0128,0.016],"uv_size":[0.7841,1.734]},"up":{"uv":[0,0.0128],"uv_size":[0,0.7841]},"down":{"uv":[0,0.7841],"uv_size":[0,-0.7841]}}},{"origin":[-1.5913,0,-8],"size":[3.1826,7,0],"pivot":[0,1,0],"uv":{"north":{"uv":[4.0128,5.266],"uv_size":[0.7841,1.734]},"south":{"uv":[5.0128,5.266],"uv_size":[0.7841,1.734]},"east":{"uv":[0,0.016],"uv_size":[0,1.734]},"west":{"uv":[0,0.016],"uv_size":[0,1.734]},"up":{"uv":[0.0128,0],"uv_size":[0.7841,0]},"down":{"uv":[0.0128,0],"uv_size":[0.7841,0]}}},{"origin":[8,0,-1.5913],"size":[0,7,3.1826],"pivot":[0,1,0],"uv":{"north":{"uv":[0,0.016],"uv_size":[0,1.734]},"south":{"uv":[0,0.016],"uv_size":[0,1.734]},"east":{"uv":[1.0128,7.016],"uv_size":[0.7841,1.734]},"west":{"uv":[7.0128,1.766],"uv_size":[0.7841,1.734]},"up":{"uv":[0,0.0128],"uv_size":[0,0.7841]},"down":{"uv":[0,0.7841],"uv_size":[0,-0.7841]}}}],"name":"rot_1"},{"parent":"geyser_custom_z","pivot":[0,1,0],"rotation":[0,-0,0],"cubes":[{"origin":[8,0,-1.5913],"size":[0,7,3.1826],"pivot":[0,1,0],"uv":{"north":{"uv":[0,0.016],"uv_size":[0,1.734]},"south":{"uv":[0,0.016],"uv_size":[0,1.734]},"east":{"uv":[0.0128,0.016],"uv_size":[0.7841,1.734]},"west":{"uv":[1.0128,0.016],"uv_size":[0.7841,1.734]},"up":{"uv":[0,0.0128],"uv_size":[0,0.7841]},"down":{"uv":[0,0.7841],"uv_size":[0,-0.7841]}}},{"origin":[-1.5913,0,8],"size":[3.1826,7,0],"pivot":[0,1,0],"uv":{"north":{"uv":[0.0128,3.516],"uv_size":[0.7841,1.734]},"south":{"uv":[1.0128,3.516],"uv_size":[0.7841,1.734]},"east":{"uv":[0,0.016],"uv_size":[0,1.734]},"west":{"uv":[0,0.016],"uv_size":[0,1.734]},"up":{"uv":[0.0128,0],"uv_size":[0.7841,0]},"down":{"uv":[0.0128,0],"uv_size":[0.7841,0]}}},{"origin":[-8,0,-1.5913],"size":[0,7,3.1826],"pivot":[0,1,0],"uv":{"north":{"uv":[0,0.016],"uv_size":[0,1.734]},"south":{"uv":[0,0.016],"uv_size":[0,1.734]},"east":{"uv":[5.0128,1.766],"uv_size":[0.7841,1.734]},"west":{"uv":[5.0128,3.516],"uv_size":[0.7841,1.734]},"up":{"uv":[0,0.0128],"uv_size":[0,0.7841]},"down":{"uv":[0,0.7841],"uv_size":[0,-0.7841]}}},{"origin":[-1.5913,0,-8],"size":[3.1826,7,0],"pivot":[0,1,0],"uv":{"north":{"uv":[6.0128,0.016],"uv_size":[0.7841,1.734]},"south":{"uv":[6.0128,1.766],"uv_size":[0.7841,1.734]},"east":{"uv":[0,0.016],"uv_size":[0,1.734]},"west":{"uv":[0,0.016],"uv_size":[0,1.734]},"up":{"uv":[0.0128,0],"uv_size":[0.7841,0]},"down":{"uv":[0.0128,0],"uv_size":[0.7841,0]}}}],"name":"rot_2"},{"parent":"geyser_custom_z","pivot":[0,1,0],"rotation":[0,-22.5,0],"cubes":[{"origin":[8,0,-1.5913],"size":[0,7,3.1826],"pivot":[0,1,0],"uv":{"north":{"uv":[0,0.016],"uv_size":[0,1.734]},"south":{"uv":[0,0.016],"uv_size":[0,1.734]},"east":{"uv":[0.0128,1.766],"uv_size":[0.7841,1.734]},"west":{"uv":[1.0128,1.766],"uv_size":[0.7841,1.734]},"up":{"uv":[0,0.0128],"uv_size":[0,0.7841]},"down":{"uv":[0,0.7841],"uv_size":[0,-0.7841]}}},{"origin":[-1.5913,0,8],"size":[3.1826,7,0],"pivot":[0,1,0],"uv":{"north":{"uv":[2.0128,3.516],"uv_size":[0.7841,1.734]},"south":{"uv":[3.0128,3.516],"uv_size":[0.7841,1.734]},"east":{"uv":[0,0.016],"uv_size":[0,1.734]},"west":{"uv":[0,0.016],"uv_size":[0,1.734]},"up":{"uv":[0.0128,0],"uv_size":[0.7841,0]},"down":{"uv":[0.0128,0],"uv_size":[0.7841,0]}}},{"origin":[-8,0,-1.5913],"size":[0,7,3.1826],"pivot":[0,1,0],"uv":{"north":{"uv":[0,0.016],"uv_size":[0,1.734]},"south":{"uv":[0,0.016],"uv_size":[0,1.734]},"east":{"uv":[0.0128,5.266],"uv_size":[0.7841,1.734]},"west":{"uv":[1.0128,5.266],"uv_size":[0.7841,1.734]},"up":{"uv":[0,0.0128],"uv_size":[0,0.7841]},"down":{"uv":[0,0.7841],"uv_size":[0,-0.7841]}}},{"origin":[-1.5913,0,-8],"size":[3.1826,7,0],"pivot":[0,1,0],"uv":{"north":{"uv":[6.0128,3.516],"uv_size":[0.7841,1.734]},"south":{"uv":[6.0128,5.266],"uv_size":[0.7841,1.734]},"east":{"uv":[0,0.016],"uv_size":[0,1.734]},"west":{"uv":[0,0.016],"uv_size":[0,1.734]},"up":{"uv":[0.0128,0],"uv_size":[0.7841,0]},"down":{"uv":[0.0128,0],"uv_size":[0.7841,0]}}}],"name":"rot_3"},{"parent":"geyser_custom_z","pivot":[0,1,0],"rotation":[0,-45,0],"cubes":[{"origin":[8,0,-1.5913],"size":[0,7,3.1826],"pivot":[0,1,0],"uv":{"north":{"uv":[0,0.016],"uv_size":[0,1.734]},"south":{"uv":[0,0.016],"uv_size":[0,1.734]},"east":{"uv":[2.0128,0.016],"uv_size":[0.7841,1.734]},"west":{"uv":[2.0128,1.766],"uv_size":[0.7841,1.734]},"up":{"uv":[0,0.0128],"uv_size":[0,0.7841]},"down":{"uv":[0,0.7841],"uv_size":[0,-0.7841]}}},{"origin":[-1.5913,0,8],"size":[3.1826,7,0],"pivot":[0,1,0],"uv":{"north":{"uv":[4.0128,0.016],"uv_size":[0.7841,1.734]},"south":{"uv":[4.0128,1.766],"uv_size":[0.7841,1.734]},"east":{"uv":[0,0.016],"uv_size":[0,1.734]},"west":{"uv":[0,0.016],"uv_size":[0,1.734]},"up":{"uv":[0.0128,0],"uv_size":[0.7841,0]},"down":{"uv":[0.0128,0],"uv_size":[0.7841,0]}}},{"origin":[-8,0,-1.5913],"size":[0,7,3.1826],"pivot":[0,1,0],"uv":{"north":{"uv":[0,0.016],"uv_size":[0,1.734]},"south":{"uv":[0,0.016],"uv_size":[0,1.734]},"east":{"uv":[2.0128,5.266],"uv_size":[0.7841,1.734]},"west":{"uv":[3.0128,5.266],"uv_size":[0.7841,1.734]},"up":{"uv":[0,0.0128],"uv_size":[0,0.7841]},"down":{"uv":[0,0.7841],"uv_size":[0,-0.7841]}}},{"origin":[-1.5913,0,-8],"size":[3.1826,7,0],"pivot":[0,1,0],"uv":{"north":{"uv":[0.0128,7.016],"uv_size":[0.7841,1.734]},"south":{"uv":[7.0128,0.016],"uv_size":[0.7841,1.734]},"east":{"uv":[0,0.016],"uv_size":[0,1.734]},"west":{"uv":[0,0.016],"uv_size":[0,1.734]},"up":{"uv":[0.0128,0],"uv_size":[0.7841,0]},"down":{"uv":[0.0128,0],"uv_size":[0.7841,0]}}}],"name":"rot_4"}]}]}
