{"format_version":"1.16.0","minecraft:geometry":[{"description":{"identifier":"geometry.geyser_custom.geo_bd85364","texture_width":16,"texture_height":16,"visible_bounds_width":4,"visible_bounds_height":4.5,"visible_bounds_offset":[0,0.75,0]},"bones":[{"name":"geyser_custom","binding":"c.item_slot == 'head' ? 'head' : q.item_slot_to_bone_name(c.item_slot)","pivot":[0,8,0]},{"name":"geyser_custom_x","parent":"geyser_custom","pivot":[0,8,0]},{"name":"geyser_custom_y","parent":"geyser_custom_x","pivot":[0,8,0]},{"name":"geyser_custom_z","parent":"geyser_custom_y","pivot":[0,8,0],"cubes":[]},{"parent":"geyser_custom_z","pivot":[0.3272,7.9258,0],"rotation":[22.5,0,0],"cubes":[{"origin":[1.5,6.1072,-3.5061],"size":[2,2,6],"pivot":[0.3272,7.9258,0],"uv":{"north":{"uv":[10.016,7.016],"uv_size":[0.984,0.984]},"south":{"uv":[8.016,10.016],"uv_size":[0.984,0.984]},"east":{"uv":[0.016,4.016],"uv_size":[2.984,0.984]},"west":{"uv":[3.016,4.016],"uv_size":[2.984,0.984]},"up":{"uv":[0.016,5.016],"uv_size":[0.984,2.984]},"down":{"uv":[1.016,7.984],"uv_size":[0.984,-2.984]}}},{"origin":[1,0.102,-5.9936],"size":[2,2,6],"pivot":[0.3272,7.9258,0],"uv":{"north":{"uv":[10.016,8.016],"uv_size":[0.984,0.984]},"south":{"uv":[9.016,10.016],"uv_size":[0.984,0.984]},"east":{"uv":[2.016,5.016],"uv_size":[2.984,0.984]},"west":{"uv":[5.016,5.016],"uv_size":[2.984,0.984]},"up":{"uv":[6.016,0.016],"uv_size":[0.984,2.984]},"down":{"uv":[2.016,8.984],"uv_size":[0.984,-2.984]}}},{"origin":[1.25,12.2972,-0.9421],"size":[2,2,6],"pivot":[0.3272,7.9258,0],"uv":{"north":{"uv":[10.016,10.016],"uv_size":[0.984,0.984]},"south":{"uv":[0.016,11.016],"uv_size":[0.984,0.984]},"east":{"uv":[3.016,6.016],"uv_size":[2.984,0.984]},"west":{"uv":[6.016,3.016],"uv_size":[2.984,0.984]},"up":{"uv":[6.016,6.016],"uv_size":[0.984,2.984]},"down":{"uv":[7.016,2.984],"uv_size":[0.984,-2.984]}}}],"name":"rot_1"},{"parent":"geyser_custom_z","pivot":[0.3272,7.9258,0],"rotation":[0,0,-22.5],"cubes":[{"origin":[-3.7084,4.5197,-3],"size":[6,2,2],"pivot":[0.3272,7.9258,0],"uv":{"north":{"uv":[0.016,0.016],"uv_size":[2.984,0.984]},"south":{"uv":[0.016,1.016],"uv_size":[2.984,0.984]},"east":{"uv":[0.016,8.016],"uv_size":[0.984,0.984]},"west":{"uv":[1.016,8.016],"uv_size":[0.984,0.984]},"up":{"uv":[0.016,2.016],"uv_size":[2.984,0.984]},"down":{"uv":[0.016,3.984],"uv_size":[2.984,-0.984]}}},{"origin":[-1.1444,10.7097,-3],"size":[6,2,2],"pivot":[0.3272,7.9258,0],"uv":{"north":{"uv":[3.016,0.016],"uv_size":[2.984,0.984]},"south":{"uv":[3.016,1.016],"uv_size":[2.984,0.984]},"east":{"uv":[5.016,10.016],"uv_size":[0.984,0.984]},"west":{"uv":[10.016,6.016],"uv_size":[0.984,0.984]},"up":{"uv":[3.016,2.016],"uv_size":[2.984,0.984]},"down":{"uv":[3.016,3.984],"uv_size":[2.984,-0.984]}}}],"name":"rot_2"},{"parent":"geyser_custom_z","pivot":[0.3272,7.9258,0],"rotation":[-22.5,0,0],"cubes":[{"origin":[-2.8457,9.2817,-3.9758],"size":[2,2,6],"pivot":[0.3272,7.9258,0],"uv":{"north":{"uv":[11.016,5.016],"uv_size":[0.984,0.984]},"south":{"uv":[11.016,6.016],"uv_size":[0.984,0.984]},"east":{"uv":[9.016,3.016],"uv_size":[2.984,0.984]},"west":{"uv":[9.016,4.016],"uv_size":[2.984,0.984]},"up":{"uv":[6.016,9.016],"uv_size":[0.984,2.984]},"down":{"uv":[7.016,11.984],"uv_size":[0.984,-2.984]}}},{"origin":[-2.8457,3.0917,-1.4119],"size":[2,2,6],"pivot":[0.3272,7.9258,0],"uv":{"north":{"uv":[11.016,7.016],"uv_size":[0.984,0.984]},"south":{"uv":[8.016,11.016],"uv_size":[0.984,0.984]},"east":{"uv":[8.016,9.016],"uv_size":[2.984,0.984]},"west":{"uv":[0.016,10.016],"uv_size":[2.984,0.984]},"up":{"uv":[3.016,10.016],"uv_size":[0.984,2.984]},"down":{"uv":[4.016,12.984],"uv_size":[0.984,-2.984]}}}],"name":"rot_3"},{"parent":"geyser_custom_z","pivot":[0.3272,7.9258,0],"rotation":[0,0,22.5],"cubes":[{"origin":[-2.8886,7.6483,1],"size":[6,2,2],"pivot":[0.3272,7.9258,0],"uv":{"north":{"uv":[6.016,4.016],"uv_size":[2.984,0.984]},"south":{"uv":[3.016,7.016],"uv_size":[2.984,0.984]},"east":{"uv":[11.016,0.016],"uv_size":[0.984,0.984]},"west":{"uv":[1.016,11.016],"uv_size":[0.984,0.984]},"up":{"uv":[7.016,6.016],"uv_size":[2.984,0.984]},"down":{"uv":[7.016,7.984],"uv_size":[2.984,-0.984]}}},{"origin":[-0.6321,1.5474,1],"size":[6,2,2],"pivot":[0.3272,7.9258,0],"uv":{"north":{"uv":[8.016,0.016],"uv_size":[2.984,0.984]},"south":{"uv":[8.016,1.016],"uv_size":[2.984,0.984]},"east":{"uv":[11.016,1.016],"uv_size":[0.984,0.984]},"west":{"uv":[2.016,11.016],"uv_size":[0.984,0.984]},"up":{"uv":[8.016,2.016],"uv_size":[2.984,0.984]},"down":{"uv":[3.016,8.984],"uv_size":[2.984,-0.984]}}},{"origin":[-5.6835,13.7426,0.75],"size":[6,2,2],"pivot":[0.3272,7.9258,0],"uv":{"north":{"uv":[8.016,5.016],"uv_size":[2.984,0.984]},"south":{"uv":[7.016,8.016],"uv_size":[2.984,0.984]},"east":{"uv":[11.016,2.016],"uv_size":[0.984,0.984]},"west":{"uv":[5.016,11.016],"uv_size":[0.984,0.984]},"up":{"uv":[0.016,9.016],"uv_size":[2.984,0.984]},"down":{"uv":[3.016,9.984],"uv_size":[2.984,-0.984]}}}],"name":"rot_4"}]}]}
