{"format_version":"1.16.0","minecraft:geometry":[{"description":{"identifier":"geometry.geyser_custom.geo_3834a27","texture_width":16,"texture_height":16,"visible_bounds_width":4,"visible_bounds_height":4.5,"visible_bounds_offset":[0,0.75,0]},"bones":[{"name":"geyser_custom","binding":"c.item_slot == 'head' ? 'head' : q.item_slot_to_bone_name(c.item_slot)","pivot":[0,8,0]},{"name":"geyser_custom_x","parent":"geyser_custom","pivot":[0,8,0]},{"name":"geyser_custom_y","parent":"geyser_custom_x","pivot":[0,8,0]},{"name":"geyser_custom_z","parent":"geyser_custom_y","pivot":[0,8,0],"cubes":[]},{"parent":"geyser_custom_z","pivot":[-1,0.75,-4],"rotation":[0,-0,0],"cubes":[{"origin":[-3,0.75,-4],"size":[6,2,0],"pivot":[-1,0.75,-4],"uv":{"north":{"uv":[5.516,10.6773],"uv_size":[1.484,0.656]},"south":{"uv":[5.516,11.344],"uv_size":[1.484,0.656]},"east":{"uv":[4,10.6773],"uv_size":[0,0.656]},"west":{"uv":[4,10.6773],"uv_size":[0,0.656]},"up":{"uv":[4.016,10.6667],"uv_size":[1.484,0]},"down":{"uv":[4.016,10.6667],"uv_size":[1.484,0]}}},{"origin":[-3.75,0,-3.99],"size":[7.5,3.5,8],"pivot":[-1,0.75,-4],"uv":{"north":{"uv":[0.016,0.016],"uv_size":[3.734,2.3173]},"south":{"uv":[0.016,0.016],"uv_size":[3.734,2.3173]},"east":{"uv":[0.016,0.016],"uv_size":[3.984,2.3173]},"west":{"uv":[0.016,0.016],"uv_size":[3.984,2.3173]},"up":{"uv":[3.734,5.3173],"uv_size":[-3.734,-5.3173]},"down":{"uv":[3.734,5.3173],"uv_size":[-3.734,-5.3173]}}}],"name":"rot_1"},{"parent":"geyser_custom_z","pivot":[-1,3.75,-4],"rotation":[0,-0,0],"cubes":[{"origin":[-3,2.75,-4],"size":[3,8,0],"pivot":[-1,3.75,-4],"uv":{"north":{"uv":[4.012,10.6827],"uv_size":[0.738,2.6507]},"south":{"uv":[4.762,10.6827],"uv_size":[0.738,2.6507]},"east":{"uv":[4,10.6827],"uv_size":[0,2.6507]},"west":{"uv":[4,10.6827],"uv_size":[0,2.6507]},"up":{"uv":[4.012,10.6667],"uv_size":[0.738,0]},"down":{"uv":[4.012,10.6667],"uv_size":[0.738,0]}}},{"origin":[-3.75,3.5,-3.99],"size":[4.5,8,8],"pivot":[-1,3.75,-4],"uv":{"north":{"uv":[0.016,0.016],"uv_size":[2.234,5.3173]},"south":{"uv":[0.016,0.016],"uv_size":[2.234,5.3173]},"east":{"uv":[0.016,0.016],"uv_size":[3.984,5.3173]},"west":{"uv":[0.016,0.016],"uv_size":[3.984,5.3173]},"up":{"uv":[2.234,5.3173],"uv_size":[-2.234,-5.3173]},"down":{"uv":[2.234,5.3173],"uv_size":[-2.234,-5.3173]}}}],"name":"rot_2"}]}]}
