{"format_version":"1.16.0","minecraft:geometry":[{"description":{"identifier":"geometry.geyser_custom.geo_0574347","texture_width":16,"texture_height":16,"visible_bounds_width":4,"visible_bounds_height":4.5,"visible_bounds_offset":[0,0.75,0]},"bones":[{"name":"geyser_custom","binding":"c.item_slot == 'head' ? 'head' : q.item_slot_to_bone_name(c.item_slot)","pivot":[0,8,0]},{"name":"geyser_custom_x","parent":"geyser_custom","pivot":[0,8,0]},{"name":"geyser_custom_y","parent":"geyser_custom_x","pivot":[0,8,0]},{"name":"geyser_custom_z","parent":"geyser_custom_y","pivot":[0,8,0],"cubes":[]},{"parent":"geyser_custom_z","pivot":[3.5,0.75,-4],"rotation":[0,-0,0],"cubes":[{"origin":[-3.5,0.75,-4],"size":[7,2,0],"pivot":[3.5,0.75,-4],"uv":{"north":{"uv":[9.516,6.0107],"uv_size":[1.734,0.656]},"south":{"uv":[9.516,6.6773],"uv_size":[1.734,0.656]},"east":{"uv":[8,5.344],"uv_size":[0,0.656]},"west":{"uv":[8,5.344],"uv_size":[0,0.656]},"up":{"uv":[8.016,5.3333],"uv_size":[1.734,0]},"down":{"uv":[8.016,5.3333],"uv_size":[1.734,0]}}},{"origin":[-4.25,0,-3.99],"size":[8.5,3.5,8],"pivot":[3.5,0.75,-4],"uv":{"north":{"uv":[0.016,0.016],"uv_size":[4.234,2.3173]},"south":{"uv":[0.016,0.016],"uv_size":[4.234,2.3173]},"east":{"uv":[0.016,0.016],"uv_size":[3.984,2.3173]},"west":{"uv":[0.016,0.016],"uv_size":[3.984,2.3173]},"up":{"uv":[4.234,5.3173],"uv_size":[-4.234,-5.3173]},"down":{"uv":[4.234,5.3173],"uv_size":[-4.234,-5.3173]}}}],"name":"rot_1"},{"parent":"geyser_custom_z","pivot":[3.5,2.75,-4],"rotation":[0,-0,0],"cubes":[{"origin":[-3.5,2.75,-4],"size":[3,6,0],"pivot":[3.5,2.75,-4],"uv":{"north":{"uv":[8.012,5.3493],"uv_size":[0.738,1.984]},"south":{"uv":[8.762,5.3493],"uv_size":[0.738,1.984]},"east":{"uv":[8,5.3493],"uv_size":[0,1.984]},"west":{"uv":[8,5.3493],"uv_size":[0,1.984]},"up":{"uv":[8.012,5.3333],"uv_size":[0.738,0]},"down":{"uv":[8.012,5.3333],"uv_size":[0.738,0]}}},{"origin":[-4.25,3.5,-3.99],"size":[4.5,4.5,8],"pivot":[3.5,2.75,-4],"uv":{"north":{"uv":[0.016,0.016],"uv_size":[2.234,2.984]},"south":{"uv":[0.016,0.016],"uv_size":[2.234,2.984]},"east":{"uv":[0.016,0.016],"uv_size":[3.984,2.984]},"west":{"uv":[0.016,0.016],"uv_size":[3.984,2.984]},"up":{"uv":[2.234,5.3173],"uv_size":[-2.234,-5.3173]},"down":{"uv":[2.234,5.3173],"uv_size":[-2.234,-5.3173]}}}],"name":"rot_2"},{"parent":"geyser_custom_z","pivot":[3.5,8.75,-4],"rotation":[0,-0,0],"cubes":[{"origin":[-3.5,8.75,-4],"size":[7,2,0],"pivot":[3.5,8.75,-4],"uv":{"north":{"uv":[8.016,7.344],"uv_size":[1.734,0.656]},"south":{"uv":[9.516,5.344],"uv_size":[1.734,0.656]},"east":{"uv":[8,5.344],"uv_size":[0,0.656]},"west":{"uv":[8,5.344],"uv_size":[0,0.656]},"up":{"uv":[8.016,5.3333],"uv_size":[1.734,0]},"down":{"uv":[8.016,5.3333],"uv_size":[1.734,0]}}},{"origin":[-4.25,8,-3.99],"size":[8.5,3.5,8],"pivot":[3.5,8.75,-4],"uv":{"north":{"uv":[0.016,0.016],"uv_size":[4.234,2.3173]},"south":{"uv":[0.016,0.016],"uv_size":[4.234,2.3173]},"east":{"uv":[0.016,0.016],"uv_size":[3.984,2.3173]},"west":{"uv":[0.016,0.016],"uv_size":[3.984,2.3173]},"up":{"uv":[4.234,5.3173],"uv_size":[-4.234,-5.3173]},"down":{"uv":[4.234,5.3173],"uv_size":[-4.234,-5.3173]}}}],"name":"rot_3"}]}]}
