{"format_version":"1.16.0","minecraft:geometry":[{"description":{"identifier":"geometry.geyser_custom.geo_474110f","texture_width":16,"texture_height":16,"visible_bounds_width":4,"visible_bounds_height":4.5,"visible_bounds_offset":[0,0.75,0]},"bones":[{"name":"geyser_custom","binding":"c.item_slot == 'head' ? 'head' : q.item_slot_to_bone_name(c.item_slot)","pivot":[0,8,0]},{"name":"geyser_custom_x","parent":"geyser_custom","pivot":[0,8,0]},{"name":"geyser_custom_y","parent":"geyser_custom_x","pivot":[0,8,0]},{"name":"geyser_custom_z","parent":"geyser_custom_y","pivot":[0,8,0],"cubes":[]},{"parent":"geyser_custom_z","pivot":[3,1.25,-4],"rotation":[0,-0,0],"cubes":[{"origin":[0.5,0.75,-4],"size":[3,4,0],"pivot":[3,1.25,-4],"uv":{"north":{"uv":[13.512,1.3493],"uv_size":[0.738,1.3173]},"south":{"uv":[13.762,0.016],"uv_size":[0.738,1.3173]},"east":{"uv":[12,0.016],"uv_size":[0,1.3173]},"west":{"uv":[12,0.016],"uv_size":[0,1.3173]},"up":{"uv":[12.012,0],"uv_size":[0.738,0]},"down":{"uv":[12.012,0],"uv_size":[0.738,0]}}},{"origin":[0.5,0,-3.99],"size":[3.75,4,8],"pivot":[3,1.25,-4],"uv":{"north":{"uv":[7.016,6.6827],"uv_size":[0.984,1.3173]},"south":{"uv":[5.266,9.3493],"uv_size":[0.984,1.3173]},"east":{"uv":[5.766,1.3493],"uv_size":[1.984,1.3173]},"west":{"uv":[5.766,2.6827],"uv_size":[1.984,1.3173]},"up":{"uv":[1.016,8.016],"uv_size":[0.984,2.6507]},"down":{"uv":[2.016,10.6507],"uv_size":[0.984,-2.6507]}}}],"name":"rot_1"},{"parent":"geyser_custom_z","pivot":[3,9.25,-4],"rotation":[0,-0,0],"cubes":[{"origin":[-0.5,8.75,-4],"size":[4,2,0],"pivot":[3,9.25,-4],"uv":{"north":{"uv":[12.016,2.6773],"uv_size":[0.984,0.656]},"south":{"uv":[13.016,2.6773],"uv_size":[0.984,0.656]},"east":{"uv":[12,0.0107],"uv_size":[0,0.656]},"west":{"uv":[12,0.0107],"uv_size":[0,0.656]},"up":{"uv":[12.016,0],"uv_size":[0.984,0]},"down":{"uv":[12.016,0],"uv_size":[0.984,0]}}},{"origin":[0.25,8,-3.99],"size":[4,3.5,8],"pivot":[3,9.25,-4],"uv":{"north":{"uv":[0.016,9.3493],"uv_size":[0.984,1.3173]},"south":{"uv":[4.266,9.3493],"uv_size":[0.984,1.3173]},"east":{"uv":[4.516,5.3493],"uv_size":[1.984,1.3173]},"west":{"uv":[4.766,0.016],"uv_size":[1.984,1.3173]},"up":{"uv":[4.766,1.3493],"uv_size":[0.984,2.6507]},"down":{"uv":[0.016,9.3173],"uv_size":[0.984,-2.6507]}}}],"name":"rot_2"},{"parent":"geyser_custom_z","pivot":[-1,1.25,-4],"rotation":[0,-0,0],"cubes":[{"origin":[-3.5,0.75,-4],"size":[4,2,0],"pivot":[-1,1.25,-4],"uv":{"north":{"uv":[14.016,2.6773],"uv_size":[0.984,0.656]},"south":{"uv":[14.266,1.344],"uv_size":[0.984,0.656]},"east":{"uv":[12,0.0107],"uv_size":[0,0.656]},"west":{"uv":[12,0.0107],"uv_size":[0,0.656]},"up":{"uv":[12.016,0],"uv_size":[0.984,0]},"down":{"uv":[12.016,0],"uv_size":[0.984,0]}}},{"origin":[-4.25,0,-3.99],"size":[4.75,3.5,8],"pivot":[-1,1.25,-4],"uv":{"north":{"uv":[6.766,4.016],"uv_size":[1.234,1.3173]},"south":{"uv":[3.016,9.3493],"uv_size":[1.234,1.3173]},"east":{"uv":[3.016,8.016],"uv_size":[1.984,1.3173]},"west":{"uv":[5.016,8.016],"uv_size":[1.984,1.3173]},"up":{"uv":[3.516,0.016],"uv_size":[1.234,2.6507]},"down":{"uv":[3.516,5.3173],"uv_size":[1.234,-2.6507]}}}],"name":"rot_3"},{"parent":"geyser_custom_z","pivot":[-1,5.25,-4],"rotation":[0,-0,0],"cubes":[{"origin":[-3.5,6.75,-4],"size":[3,4,0],"pivot":[-1,5.25,-4],"uv":{"north":{"uv":[12.012,1.3493],"uv_size":[0.738,1.3173]},"south":{"uv":[12.762,1.3493],"uv_size":[0.738,1.3173]},"east":{"uv":[12,0.016],"uv_size":[0,1.3173]},"west":{"uv":[12,0.016],"uv_size":[0,1.3173]},"up":{"uv":[12.012,0],"uv_size":[0.738,0]},"down":{"uv":[12.012,0],"uv_size":[0.738,0]}}},{"origin":[-3.5,4.75,-4],"size":[7,2,0],"pivot":[-1,5.25,-4],"uv":{"north":{"uv":[12.016,0.0107],"uv_size":[1.734,0.656]},"south":{"uv":[12.016,0.6773],"uv_size":[1.734,0.656]},"east":{"uv":[12,0.0107],"uv_size":[0,0.656]},"west":{"uv":[12,0.0107],"uv_size":[0,0.656]},"up":{"uv":[12.016,0],"uv_size":[1.734,0]},"down":{"uv":[12.016,0],"uv_size":[1.734,0]}}},{"origin":[-4.25,7.5,-3.99],"size":[4.5,4,8],"pivot":[-1,5.25,-4],"uv":{"north":{"uv":[6.516,5.3493],"uv_size":[1.234,1.3173]},"south":{"uv":[6.766,0.016],"uv_size":[1.234,1.3173]},"east":{"uv":[4.766,4.016],"uv_size":[1.984,1.3173]},"west":{"uv":[1.016,6.6827],"uv_size":[1.984,1.3173]},"up":{"uv":[2.266,0.016],"uv_size":[1.234,2.6507]},"down":{"uv":[2.266,5.3173],"uv_size":[1.234,-2.6507]}}},{"origin":[-4.25,4,-3.99],"size":[8.5,3.5,8],"pivot":[-1,5.25,-4],"uv":{"north":{"uv":[0.016,5.3493],"uv_size":[2.234,1.3173]},"south":{"uv":[2.266,5.3493],"uv_size":[2.234,1.3173]},"east":{"uv":[3.016,6.6827],"uv_size":[1.984,1.3173]},"west":{"uv":[5.016,6.6827],"uv_size":[1.984,1.3173]},"up":{"uv":[0.016,0.016],"uv_size":[2.234,2.6507]},"down":{"uv":[0.016,5.3173],"uv_size":[2.234,-2.6507]}}}],"name":"rot_4"}]}]}
