{"format_version":"1.16.0","minecraft:geometry":[{"description":{"identifier":"geometry.geyser_custom.geo_000216b","texture_width":16,"texture_height":16,"visible_bounds_width":4,"visible_bounds_height":4.5,"visible_bounds_offset":[0,0.75,0]},"bones":[{"name":"geyser_custom","binding":"c.item_slot == 'head' ? 'head' : q.item_slot_to_bone_name(c.item_slot)","pivot":[0,8,0]},{"name":"geyser_custom_x","parent":"geyser_custom","pivot":[0,8,0]},{"name":"geyser_custom_y","parent":"geyser_custom_x","pivot":[0,8,0]},{"name":"geyser_custom_z","parent":"geyser_custom_y","pivot":[0,8,0],"cubes":[{"origin":[-8,-7,-8],"size":[0,14,16],"uv":{"north":{"uv":[0.016,0.016],"uv_size":[3.984,4.984]},"south":{"uv":[0.016,5.016],"uv_size":[3.984,4.984]},"east":{"uv":[4.016,0.016],"uv_size":[3.984,4.984]},"west":{"uv":[4.016,5.016],"uv_size":[3.984,4.984]},"up":{"uv":[8.016,0.016],"uv_size":[3.984,3.984]},"down":{"uv":[8.016,7.984],"uv_size":[3.984,-3.984]}}}]},{"parent":"geyser_custom_z","pivot":[24,0,-8],"rotation":[0,-0,0],"cubes":[{"origin":[8,-7,-8],"size":[0,14,16],"pivot":[24,0,-8],"uv":{"north":{"uv":[0.016,0.016],"uv_size":[3.984,4.984]},"south":{"uv":[0.016,5.016],"uv_size":[3.984,4.984]},"east":{"uv":[4.016,0.016],"uv_size":[3.984,4.984]},"west":{"uv":[4.016,5.016],"uv_size":[3.984,4.984]},"up":{"uv":[8.016,0.016],"uv_size":[3.984,3.984]},"down":{"uv":[8.016,7.984],"uv_size":[3.984,-3.984]}}}],"name":"rot_1"},{"parent":"geyser_custom_z","pivot":[0,0,-8],"rotation":[0,-0,0],"cubes":[{"origin":[-8,-7,-8],"size":[16,14,0],"pivot":[0,0,-8],"uv":{"north":{"uv":[4.016,0.016],"uv_size":[3.984,4.984]},"south":{"uv":[4.016,5.016],"uv_size":[3.984,4.984]},"east":{"uv":[0.016,5.016],"uv_size":[3.984,4.984]},"west":{"uv":[0.016,0.016],"uv_size":[3.984,4.984]},"up":{"uv":[8.016,0.016],"uv_size":[3.984,3.984]},"down":{"uv":[8.016,7.984],"uv_size":[3.984,-3.984]}}}],"name":"rot_2"},{"parent":"geyser_custom_z","pivot":[0,0,8],"rotation":[0,-0,0],"cubes":[{"origin":[-8,-7,8],"size":[16,14,0],"pivot":[0,0,8],"uv":{"north":{"uv":[4.016,0.016],"uv_size":[3.984,4.984]},"south":{"uv":[4.016,5.016],"uv_size":[3.984,4.984]},"east":{"uv":[0.016,5.016],"uv_size":[3.984,4.984]},"west":{"uv":[0.016,0.016],"uv_size":[3.984,4.984]},"up":{"uv":[8.016,0.016],"uv_size":[3.984,3.984]},"down":{"uv":[8.016,7.984],"uv_size":[3.984,-3.984]}}}],"name":"rot_3"}]}]}
