{"format_version":"1.16.0","minecraft:geometry":[{"description":{"identifier":"geometry.geyser_custom.geo_98cf966","texture_width":16,"texture_height":16,"visible_bounds_width":4,"visible_bounds_height":4.5,"visible_bounds_offset":[0,0.75,0]},"bones":[{"name":"geyser_custom","binding":"c.item_slot == 'head' ? 'head' : q.item_slot_to_bone_name(c.item_slot)","pivot":[0,8,0]},{"name":"geyser_custom_x","parent":"geyser_custom","pivot":[0,8,0]},{"name":"geyser_custom_y","parent":"geyser_custom_x","pivot":[0,8,0]},{"name":"geyser_custom_z","parent":"geyser_custom_y","pivot":[0,8,0],"cubes":[]},{"parent":"geyser_custom_z","pivot":[0,0,-1],"rotation":[-0,0,0],"cubes":[{"origin":[-8,0,-8],"size":[16,0,16],"pivot":[0,0,-1],"uv":{"north":{"uv":[11.984,4.016],"uv_size":[-3.984,3.984]},"south":{"uv":[11.984,3.984],"uv_size":[-3.984,-3.984]},"east":{"uv":[0.016,5.016],"uv_size":[3.984,4.984]},"west":{"uv":[0.016,0.016],"uv_size":[3.984,4.984]},"up":{"uv":[7.984,4.984],"uv_size":[-3.984,-4.984]},"down":{"uv":[7.984,9.984],"uv_size":[-3.984,-4.984]}}}],"name":"rot_1"},{"parent":"geyser_custom_z","pivot":[0,16,-1],"rotation":[-0,0,0],"cubes":[{"origin":[-8,16,-8],"size":[16,0,16],"pivot":[0,16,-1],"uv":{"north":{"uv":[11.984,4.016],"uv_size":[-3.984,3.984]},"south":{"uv":[11.984,3.984],"uv_size":[-3.984,-3.984]},"east":{"uv":[0.016,5.016],"uv_size":[3.984,4.984]},"west":{"uv":[0.016,0.016],"uv_size":[3.984,4.984]},"up":{"uv":[7.984,4.984],"uv_size":[-3.984,-4.984]},"down":{"uv":[7.984,9.984],"uv_size":[-3.984,-4.984]}}}],"name":"rot_2"},{"parent":"geyser_custom_z","pivot":[24,7,-8],"rotation":[0,-0,0],"cubes":[{"origin":[8,0,-8],"size":[0,16,16],"pivot":[24,7,-8],"uv":{"north":{"uv":[0.016,0.016],"uv_size":[3.984,4.984]},"south":{"uv":[0.016,5.016],"uv_size":[3.984,4.984]},"east":{"uv":[4.016,0.016],"uv_size":[3.984,4.984]},"west":{"uv":[4.016,5.016],"uv_size":[3.984,4.984]},"up":{"uv":[8.016,0.016],"uv_size":[3.984,3.984]},"down":{"uv":[8.016,7.984],"uv_size":[3.984,-3.984]}}}],"name":"rot_3"},{"parent":"geyser_custom_z","pivot":[8,7,-8],"rotation":[0,-0,0],"cubes":[{"origin":[-8,0,-8],"size":[0,16,16],"pivot":[8,7,-8],"uv":{"north":{"uv":[0.016,0.016],"uv_size":[3.984,4.984]},"south":{"uv":[0.016,5.016],"uv_size":[3.984,4.984]},"east":{"uv":[4.016,0.016],"uv_size":[3.984,4.984]},"west":{"uv":[4.016,5.016],"uv_size":[3.984,4.984]},"up":{"uv":[8.016,0.016],"uv_size":[3.984,3.984]},"down":{"uv":[8.016,7.984],"uv_size":[3.984,-3.984]}}}],"name":"rot_4"},{"parent":"geyser_custom_z","pivot":[0,7,-8],"rotation":[0,-0,0],"cubes":[{"origin":[-8,0,-8],"size":[16,16,0],"pivot":[0,7,-8],"uv":{"north":{"uv":[4.016,0.016],"uv_size":[3.984,4.984]},"south":{"uv":[4.016,5.016],"uv_size":[3.984,4.984]},"east":{"uv":[0.016,5.016],"uv_size":[3.984,4.984]},"west":{"uv":[0.016,0.016],"uv_size":[3.984,4.984]},"up":{"uv":[8.016,0.016],"uv_size":[3.984,3.984]},"down":{"uv":[8.016,7.984],"uv_size":[3.984,-3.984]}}}],"name":"rot_5"},{"parent":"geyser_custom_z","pivot":[0,7,8],"rotation":[0,-0,0],"cubes":[{"origin":[-8,0,8],"size":[16,16,0],"pivot":[0,7,8],"uv":{"north":{"uv":[4.016,0.016],"uv_size":[3.984,4.984]},"south":{"uv":[4.016,5.016],"uv_size":[3.984,4.984]},"east":{"uv":[0.016,5.016],"uv_size":[3.984,4.984]},"west":{"uv":[0.016,0.016],"uv_size":[3.984,4.984]},"up":{"uv":[8.016,0.016],"uv_size":[3.984,3.984]},"down":{"uv":[8.016,7.984],"uv_size":[3.984,-3.984]}}}],"name":"rot_6"}]}]}
