{"format_version":"1.16.0","minecraft:geometry":[{"description":{"identifier":"geometry.geyser_custom.geo_c92cb11","texture_width":16,"texture_height":16,"visible_bounds_width":4,"visible_bounds_height":4.5,"visible_bounds_offset":[0,0.75,0]},"bones":[{"name":"geyser_custom","binding":"c.item_slot == 'head' ? 'head' : q.item_slot_to_bone_name(c.item_slot)","pivot":[0,8,0]},{"name":"geyser_custom_x","parent":"geyser_custom","pivot":[0,8,0]},{"name":"geyser_custom_y","parent":"geyser_custom_x","pivot":[0,8,0]},{"name":"geyser_custom_z","parent":"geyser_custom_y","pivot":[0,8,0],"cubes":[]},{"parent":"geyser_custom_z","pivot":[1,6.5,-2],"rotation":[0,-0,0],"cubes":[{"origin":[-1,6.5,-23],"size":[2,2,23],"pivot":[1,6.5,-2],"uv":{"north":{"uv":[2.016,2.016],"uv_size":[0.984,0.984]},"south":{"uv":[2.016,3.016],"uv_size":[0.984,0.984]},"east":{"uv":[0.016,0.016],"uv_size":[6.234,0.984]},"west":{"uv":[0.016,1.016],"uv_size":[6.234,0.984]},"up":{"uv":[0.016,2.016],"uv_size":[0.984,6.234]},"down":{"uv":[1.016,8.234],"uv_size":[0.984,-6.234]}}}],"name":"rot_1"}]}]}
