{"format_version":"1.16.0","minecraft:geometry":[{"description":{"identifier":"geometry.geyser_custom.geo_e72e943","texture_width":16,"texture_height":16,"visible_bounds_width":4,"visible_bounds_height":4.5,"visible_bounds_offset":[0,0.75,0]},"bones":[{"name":"geyser_custom","binding":"c.item_slot == 'head' ? 'head' : q.item_slot_to_bone_name(c.item_slot)","pivot":[0,8,0]},{"name":"geyser_custom_x","parent":"geyser_custom","pivot":[0,8,0]},{"name":"geyser_custom_y","parent":"geyser_custom_x","pivot":[0,8,0]},{"name":"geyser_custom_z","parent":"geyser_custom_y","pivot":[0,8,0],"cubes":[]},{"parent":"geyser_custom_z","pivot":[36.5,-5,-1.25],"rotation":[0,-0,0],"cubes":[{"origin":[20.5,-5,-1.5],"size":[3.5,3.5,3],"pivot":[36.5,-5,-1.25],"uv":{"north":{"uv":[12.7107,1.7535],"uv_size":[0.1435,0.2153]},"south":{"uv":[12.7107,2.0035],"uv_size":[0.1435,0.2153]},"east":{"uv":[12.502,3.1285],"uv_size":[0.123,0.2153]},"west":{"uv":[12.752,2.7535],"uv_size":[0.123,0.2153]},"up":{"uv":[12.6273,3.128],"uv_size":[0.1435,0.1845]},"down":{"uv":[12.794,3.1845],"uv_size":[0.1435,-0.1845]}}}],"name":"rot_1"},{"parent":"geyser_custom_z","pivot":[36.5,20,-1.25],"rotation":[0,-0,0],"cubes":[{"origin":[20.5,20,-1.5],"size":[3.5,3.5,3],"pivot":[36.5,20,-1.25],"uv":{"north":{"uv":[11.4607,3.1285],"uv_size":[0.1435,0.2153]},"south":{"uv":[11.6273,3.1285],"uv_size":[0.1435,0.2153]},"east":{"uv":[12.7937,3.191],"uv_size":[0.123,0.2153]},"west":{"uv":[12.877,1.2535],"uv_size":[0.123,0.2153]},"up":{"uv":[12.8773,1.503],"uv_size":[0.1435,0.1845]},"down":{"uv":[12.8773,1.872],"uv_size":[0.1435,-0.1845]}}}],"name":"rot_2"},{"parent":"geyser_custom_z","pivot":[34.5,-0.5,-1.5],"rotation":[0,-0,0],"cubes":[{"origin":[18,-1.5,-0.875],"size":[2.5,2.5,1.75],"pivot":[34.5,-0.5,-1.5],"uv":{"north":{"uv":[12.9183,3.3775],"uv_size":[0.1025,0.1538]},"south":{"uv":[11.6267,3.44],"uv_size":[0.1025,0.1538]},"east":{"uv":[13.043,1.5025],"uv_size":[0.082,0.1538]},"west":{"uv":[13.043,1.69],"uv_size":[0.082,0.1538]},"up":{"uv":[12.2517,3.5645],"uv_size":[0.1025,0.123]},"down":{"uv":[13.0433,2.498],"uv_size":[0.1025,-0.123]}}}],"name":"rot_3"},{"parent":"geyser_custom_z","pivot":[34.5,18.75,-1.5],"rotation":[0,-0,0],"cubes":[{"origin":[18,17.5,-0.875],"size":[2.5,2.5,1.75],"pivot":[34.5,18.75,-1.5],"uv":{"north":{"uv":[12.5017,3.3775],"uv_size":[0.1025,0.1538]},"south":{"uv":[12.9183,3.19],"uv_size":[0.1025,0.1538]},"east":{"uv":[13.0013,1.8775],"uv_size":[0.082,0.1538]},"west":{"uv":[13.0013,2.7525],"uv_size":[0.082,0.1538]},"up":{"uv":[12.6267,3.502],"uv_size":[0.1025,0.123]},"down":{"uv":[11.46,3.6855],"uv_size":[0.1025,-0.123]}}}],"name":"rot_4"},{"parent":"geyser_custom_z","pivot":[34.5,18.75,-1],"rotation":[0,-0,0],"cubes":[{"origin":[-20.5,-1.5,-0.375],"size":[41,21.5,0.75],"pivot":[34.5,18.75,-1],"uv":{"north":{"uv":[0.016,0.016],"uv_size":[3.4007,2.6715]},"south":{"uv":[0.016,2.766],"uv_size":[3.4007,2.6715]},"east":{"uv":[1.418,6.266],"uv_size":[0.082,2.6715]},"west":{"uv":[1.5013,6.266],"uv_size":[0.082,2.6715]},"up":{"uv":[3.6827,4.502],"uv_size":[3.4007,0.123]},"down":{"uv":[3.6827,4.748],"uv_size":[3.4007,-0.123]}}}],"name":"rot_5"},{"parent":"geyser_custom_z","pivot":[13.5,-10.75,-1.75],"rotation":[0,-0,0],"cubes":[{"origin":[-0.5,-11,-0.5],"size":[1,1,1],"pivot":[13.5,-10.75,-1.75],"uv":{"north":{"uv":[13.084,2.001],"uv_size":[0.041,0.0615]},"south":{"uv":[12.084,3.626],"uv_size":[0.041,0.0615]},"east":{"uv":[12.0423,3.626],"uv_size":[0.041,0.0615]},"west":{"uv":[12.1257,3.626],"uv_size":[0.041,0.0615]},"up":{"uv":[12.1673,3.626],"uv_size":[0.041,0.0615]},"down":{"uv":[12.209,3.6865],"uv_size":[0.041,-0.0615]}}}],"name":"rot_6"},{"parent":"geyser_custom_z","pivot":[13.5,-10,-1.75],"rotation":[0,-0,0],"cubes":[{"origin":[-1,-10,-0.5],"size":[2,1,1],"pivot":[13.5,-10,-1.75],"uv":{"north":{"uv":[11.7097,3.626],"uv_size":[0.082,0.0615]},"south":{"uv":[11.793,3.626],"uv_size":[0.082,0.0615]},"east":{"uv":[13.084,1.9385],"uv_size":[0.041,0.0615]},"west":{"uv":[12.0007,3.626],"uv_size":[0.041,0.0615]},"up":{"uv":[11.8763,3.626],"uv_size":[0.082,0.0615]},"down":{"uv":[13.0847,1.9365],"uv_size":[0.082,-0.0615]}}}],"name":"rot_7"},{"parent":"geyser_custom_z","pivot":[13.5,-9,-1.75],"rotation":[0,-0,0],"cubes":[{"origin":[-1.5,-9,-0.5],"size":[3,1,1],"pivot":[13.5,-9,-1.75],"uv":{"north":{"uv":[13.002,2.0635],"uv_size":[0.123,0.0615]},"south":{"uv":[13.0437,2.6885],"uv_size":[0.123,0.0615]},"east":{"uv":[12.584,3.5635],"uv_size":[0.041,0.0615]},"west":{"uv":[11.959,3.626],"uv_size":[0.041,0.0615]},"up":{"uv":[13.002,3.5635],"uv_size":[0.123,0.0615]},"down":{"uv":[11.5853,3.6865],"uv_size":[0.123,-0.0615]}}}],"name":"rot_8"},{"parent":"geyser_custom_z","pivot":[13.5,-6,-1.75],"rotation":[0,-0,0],"cubes":[{"origin":[-0.5,-8,-0.5],"size":[1,2,1],"pivot":[13.5,-6,-1.75],"uv":{"north":{"uv":[12.7507,3.002],"uv_size":[0.041,0.123]},"south":{"uv":[12.8757,3.4395],"uv_size":[0.041,0.123]},"east":{"uv":[12.2507,3.4395],"uv_size":[0.041,0.123]},"west":{"uv":[12.7507,3.502],"uv_size":[0.041,0.123]},"up":{"uv":[13.0007,2.9385],"uv_size":[0.041,0.0615]},"down":{"uv":[11.584,3.624],"uv_size":[0.041,-0.0615]}}}],"name":"rot_9"},{"parent":"geyser_custom_z","pivot":[13.5,24,-1.75],"rotation":[0,-0,0],"cubes":[{"origin":[-4,24,-4],"size":[8,1,8],"pivot":[13.5,24,-1.75],"uv":{"north":{"uv":[12.8803,2.126],"uv_size":[0.328,0.0615]},"south":{"uv":[11.6303,3.376],"uv_size":[0.328,0.0615]},"east":{"uv":[12.8803,2.1885],"uv_size":[0.328,0.0615]},"west":{"uv":[11.9637,3.376],"uv_size":[0.328,0.0615]},"up":{"uv":[12.3803,1.258],"uv_size":[0.328,0.492]},"down":{"uv":[12.3803,2.242],"uv_size":[0.328,-0.492]}}}],"name":"rot_10"},{"parent":"geyser_custom_z","pivot":[13.5,26,-1.75],"rotation":[0,-0,0],"cubes":[{"origin":[-3,26,-3],"size":[6,6,6],"pivot":[13.5,26,-1.75],"uv":{"north":{"uv":[11.379,2.756],"uv_size":[0.246,0.369]},"south":{"uv":[11.879,2.756],"uv_size":[0.246,0.369]},"east":{"uv":[11.629,2.756],"uv_size":[0.246,0.369]},"west":{"uv":[12.129,2.756],"uv_size":[0.246,0.369]},"up":{"uv":[12.504,2.381],"uv_size":[0.246,0.369]},"down":{"uv":[12.504,3.119],"uv_size":[0.246,-0.369]}}}],"name":"rot_11"},{"parent":"geyser_custom_z","pivot":[-1,-3,-1.5],"rotation":[0,-0,0],"cubes":[{"origin":[20.5,-1.5,-0.875],"size":[2.25,21.5,1.75],"pivot":[-1,-3,-1.5],"uv":{"north":{"uv":[12.3767,2.266],"uv_size":[0.1025,1.3278]},"south":{"uv":[10.6683,2.766],"uv_size":[0.1025,1.3278]},"east":{"uv":[11.043,2.766],"uv_size":[0.082,1.3278]},"west":{"uv":[11.1263,2.766],"uv_size":[0.082,1.3278]},"up":{"uv":[13.0433,3.1895],"uv_size":[0.1025,0.123]},"down":{"uv":[12.8767,3.6855],"uv_size":[0.1025,-0.123]}}}],"name":"rot_12"},{"parent":"geyser_custom_z","pivot":[-4.25,-0.5,-1.5],"rotation":[0,-0,0],"cubes":[{"origin":[-20.5,-1.5,-0.875],"size":[2.5,2.5,1.75],"pivot":[-4.25,-0.5,-1.5],"uv":{"north":{"uv":[11.7517,3.44],"uv_size":[0.1025,0.1538]},"south":{"uv":[11.8767,3.44],"uv_size":[0.1025,0.1538]},"east":{"uv":[13.043,2.5025],"uv_size":[0.082,0.1538]},"west":{"uv":[12.5013,3.565],"uv_size":[0.082,0.1538]},"up":{"uv":[13.0433,2.9395],"uv_size":[0.1025,0.123]},"down":{"uv":[13.0433,3.1855],"uv_size":[0.1025,-0.123]}}}],"name":"rot_13"},{"parent":"geyser_custom_z","pivot":[-4.25,18.75,-1.5],"rotation":[0,-0,0],"cubes":[{"origin":[-20.5,17.5,-0.875],"size":[2.5,2.5,1.75],"pivot":[-4.25,18.75,-1.5],"uv":{"north":{"uv":[12.9183,2.3775],"uv_size":[0.1025,0.1538]},"south":{"uv":[12.9183,2.565],"uv_size":[0.1025,0.1538]},"east":{"uv":[12.9597,3.0025],"uv_size":[0.082,0.1538]},"west":{"uv":[12.793,3.44],"uv_size":[0.082,0.1538]},"up":{"uv":[13.0017,1.252],"uv_size":[0.1025,0.123]},"down":{"uv":[13.0017,1.498],"uv_size":[0.1025,-0.123]}}}],"name":"rot_14"},{"parent":"geyser_custom_z","pivot":[-4.5,-5,-1.5],"rotation":[0,-0,0],"cubes":[{"origin":[-20.5,-3.75,-0.875],"size":[41,2.25,1.75],"pivot":[-4.5,-5,-1.5],"uv":{"north":{"uv":[12.391,0.0025],"uv_size":[1.6923,0.1538]},"south":{"uv":[12.391,0.19],"uv_size":[1.6923,0.1538]},"east":{"uv":[12.293,3.3775],"uv_size":[0.082,0.1538]},"west":{"uv":[12.0013,3.44],"uv_size":[0.082,0.1538]},"up":{"uv":[12.391,0.752],"uv_size":[1.6923,0.123]},"down":{"uv":[12.391,0.998],"uv_size":[1.6923,-0.123]}}}],"name":"rot_15"},{"parent":"geyser_custom_z","pivot":[-4.5,18.75,-1.5],"rotation":[0,-0,0],"cubes":[{"origin":[-20.5,20,-0.875],"size":[41,2.25,1.75],"pivot":[-4.5,18.75,-1.5],"uv":{"north":{"uv":[12.391,0.3775],"uv_size":[1.6923,0.1538]},"south":{"uv":[12.391,0.565],"uv_size":[1.6923,0.1538]},"east":{"uv":[12.0847,3.44],"uv_size":[0.082,0.1538]},"west":{"uv":[12.168,3.44],"uv_size":[0.082,0.1538]},"up":{"uv":[12.391,1.002],"uv_size":[1.6923,0.123]},"down":{"uv":[12.391,1.248],"uv_size":[1.6923,-0.123]}}}],"name":"rot_16"},{"parent":"geyser_custom_z","pivot":[-8,-5,-1.25],"rotation":[0,-0,0],"cubes":[{"origin":[-24,-5,-1.5],"size":[3.5,3.5,3],"pivot":[-8,-5,-1.25],"uv":{"north":{"uv":[12.7107,1.2535],"uv_size":[0.1435,0.2153]},"south":{"uv":[12.7107,1.5035],"uv_size":[0.1435,0.2153]},"east":{"uv":[12.127,3.1285],"uv_size":[0.123,0.2153]},"west":{"uv":[12.252,3.1285],"uv_size":[0.123,0.2153]},"up":{"uv":[12.7523,2.378],"uv_size":[0.1435,0.1845]},"down":{"uv":[12.7523,2.747],"uv_size":[0.1435,-0.1845]}}}],"name":"rot_17"},{"parent":"geyser_custom_z","pivot":[-8,20,-1.25],"rotation":[0,-0,0],"cubes":[{"origin":[-24,20,-1.5],"size":[3.5,3.5,3],"pivot":[-8,20,-1.25],"uv":{"north":{"uv":[11.794,3.1285],"uv_size":[0.1435,0.2153]},"south":{"uv":[11.9607,3.1285],"uv_size":[0.1435,0.2153]},"east":{"uv":[12.877,1.8785],"uv_size":[0.123,0.2153]},"west":{"uv":[12.877,2.7535],"uv_size":[0.123,0.2153]},"up":{"uv":[12.6273,3.3155],"uv_size":[0.1435,0.1845]},"down":{"uv":[11.4607,3.5595],"uv_size":[0.1435,-0.1845]}}}],"name":"rot_18"},{"parent":"geyser_custom_z","pivot":[-44.25,-3,-1.5],"rotation":[0,-0,0],"cubes":[{"origin":[-22.75,-1.5,-0.875],"size":[2.25,21.5,1.75],"pivot":[-44.25,-3,-1.5],"uv":{"north":{"uv":[10.7933,2.766],"uv_size":[0.1025,1.3278]},"south":{"uv":[10.9183,2.766],"uv_size":[0.1025,1.3278]},"east":{"uv":[11.2097,2.766],"uv_size":[0.082,1.3278]},"west":{"uv":[11.293,2.766],"uv_size":[0.082,1.3278]},"up":{"uv":[13.0433,3.3145],"uv_size":[0.1025,0.123]},"down":{"uv":[13.0433,3.5605],"uv_size":[0.1025,-0.123]}}}],"name":"rot_19"}]}]}
