{"format_version":"1.16.0","minecraft:geometry":[{"description":{"identifier":"geometry.geyser_custom.geo_6f3127e","texture_width":16,"texture_height":16,"visible_bounds_width":4,"visible_bounds_height":4.5,"visible_bounds_offset":[0,0.75,0]},"bones":[{"name":"geyser_custom","binding":"c.item_slot == 'head' ? 'head' : q.item_slot_to_bone_name(c.item_slot)","pivot":[0,8,0]},{"name":"geyser_custom_x","parent":"geyser_custom","pivot":[0,8,0]},{"name":"geyser_custom_y","parent":"geyser_custom_x","pivot":[0,8,0]},{"name":"geyser_custom_z","parent":"geyser_custom_y","pivot":[0,8,0],"cubes":[]},{"parent":"geyser_custom_z","pivot":[0.5,4.5,-0.5],"rotation":[0,0,0],"cubes":[{"origin":[-4,0,-5],"size":[9,9,9],"pivot":[0.5,4.5,-0.5],"uv":{"north":{"uv":[0.016,0.016],"uv_size":[4.484,4.484]},"south":{"uv":[4.516,0.016],"uv_size":[4.484,4.484]},"east":{"uv":[0.016,4.516],"uv_size":[4.484,4.484]},"west":{"uv":[4.516,4.516],"uv_size":[4.484,4.484]},"up":{"uv":[0.016,9.016],"uv_size":[4.484,4.484]},"down":{"uv":[9.016,4.484],"uv_size":[4.484,-4.484]}}}],"name":"rot_1"}]}]}
