{"format_version":"1.16.0","minecraft:geometry":[{"description":{"identifier":"geometry.geyser_custom.geo_f7e69e7","texture_width":16,"texture_height":16,"visible_bounds_width":4,"visible_bounds_height":4.5,"visible_bounds_offset":[0,0.75,0]},"bones":[{"name":"geyser_custom","binding":"c.item_slot == 'head' ? 'head' : q.item_slot_to_bone_name(c.item_slot)","pivot":[0,8,0]},{"name":"geyser_custom_x","parent":"geyser_custom","pivot":[0,8,0]},{"name":"geyser_custom_y","parent":"geyser_custom_x","pivot":[0,8,0]},{"name":"geyser_custom_z","parent":"geyser_custom_y","pivot":[0,8,0],"cubes":[{"origin":[-8,0,-1],"size":[16,16,1],"uv":{"north":{"uv":[0.016,3.9385],"uv_size":[3.984,0.0615]},"south":{"uv":[0.016,7.9385],"uv_size":[3.984,0.0615]},"east":{"uv":[4.004,0.016],"uv_size":[0.246,3.984]},"west":{"uv":[4.004,4.016],"uv_size":[0.246,3.984]},"up":{"uv":[4.266,0.004],"uv_size":[3.984,0.246]},"down":{"uv":[4.266,0.496],"uv_size":[3.984,-0.246]}}}]}]}]}
