{"format_version":"1.16.0","minecraft:geometry":[{"description":{"identifier":"geometry.geyser_custom.geo_30f2229","texture_width":16,"texture_height":16,"visible_bounds_width":4,"visible_bounds_height":4.5,"visible_bounds_offset":[0,0.75,0]},"bones":[{"name":"geyser_custom","binding":"c.item_slot == 'head' ? 'head' : q.item_slot_to_bone_name(c.item_slot)","pivot":[0,8,0]},{"name":"geyser_custom_x","parent":"geyser_custom","pivot":[0,8,0]},{"name":"geyser_custom_y","parent":"geyser_custom_x","pivot":[0,8,0]},{"name":"geyser_custom_z","parent":"geyser_custom_y","pivot":[0,8,0],"cubes":[]},{"parent":"geyser_custom_z","pivot":[3.5,2.75,-4],"rotation":[0,-0,0],"cubes":[{"origin":[0.5,2.75,-4],"size":[3,2,0],"pivot":[3.5,2.75,-4],"uv":{"north":{"uv":[10.512,0.6773],"uv_size":[0.738,0.656]},"south":{"uv":[8.762,3.344],"uv_size":[0.738,0.656]},"east":{"uv":[8,0.0107],"uv_size":[0,0.656]},"west":{"uv":[8,0.0107],"uv_size":[0,0.656]},"up":{"uv":[8.012,0],"uv_size":[0.738,0]},"down":{"uv":[8.012,0],"uv_size":[0.738,0]}}}],"name":"rot_1"},{"parent":"geyser_custom_z","pivot":[3.5,4.75,-4],"rotation":[0,-0,0],"cubes":[{"origin":[-3.5,4.75,-4],"size":[7,1,0],"pivot":[3.5,4.75,-4],"uv":{"north":{"uv":[9.766,0.0053],"uv_size":[1.734,0.328]},"south":{"uv":[9.766,0.3387],"uv_size":[1.734,0.328]},"east":{"uv":[8,0.0053],"uv_size":[0,0.328]},"west":{"uv":[8,0.0053],"uv_size":[0,0.328]},"up":{"uv":[8.016,0],"uv_size":[1.734,0]},"down":{"uv":[8.016,0],"uv_size":[1.734,0]}}}],"name":"rot_2"},{"parent":"geyser_custom_z","pivot":[3.5,5.75,-4],"rotation":[0,-0,0],"cubes":[{"origin":[-3.5,5.75,-4],"size":[6,1,0],"pivot":[3.5,5.75,-4],"uv":{"north":{"uv":[8.766,2.672],"uv_size":[1.484,0.328]},"south":{"uv":[8.766,3.0053],"uv_size":[1.484,0.328]},"east":{"uv":[8,0.0053],"uv_size":[0,0.328]},"west":{"uv":[8,0.0053],"uv_size":[0,0.328]},"up":{"uv":[8.016,0],"uv_size":[1.484,0]},"down":{"uv":[8.016,0],"uv_size":[1.484,0]}}}],"name":"rot_3"},{"parent":"geyser_custom_z","pivot":[2.5,6.75,-4],"rotation":[0,-0,0],"cubes":[{"origin":[0.5,6.75,-4],"size":[3,2,0],"pivot":[2.5,6.75,-4],"uv":{"north":{"uv":[9.762,0.6773],"uv_size":[0.738,0.656]},"south":{"uv":[9.762,1.344],"uv_size":[0.738,0.656]},"east":{"uv":[8,0.0107],"uv_size":[0,0.656]},"west":{"uv":[8,0.0107],"uv_size":[0,0.656]},"up":{"uv":[8.012,0],"uv_size":[0.738,0]},"down":{"uv":[8.012,0],"uv_size":[0.738,0]}}}],"name":"rot_4"},{"parent":"geyser_custom_z","pivot":[-1.5,0.75,-4],"rotation":[0,-0,0],"cubes":[{"origin":[-3.5,0.75,-4],"size":[7,2,0],"pivot":[-1.5,0.75,-4],"uv":{"north":{"uv":[8.016,1.344],"uv_size":[1.734,0.656]},"south":{"uv":[8.016,2.0107],"uv_size":[1.734,0.656]},"east":{"uv":[8,0.0107],"uv_size":[0,0.656]},"west":{"uv":[8,0.0107],"uv_size":[0,0.656]},"up":{"uv":[8.016,0],"uv_size":[1.734,0]},"down":{"uv":[8.016,0],"uv_size":[1.734,0]}}}],"name":"rot_5"},{"parent":"geyser_custom_z","pivot":[-1.5,2.75,-4],"rotation":[0,-0,0],"cubes":[{"origin":[-3.5,2.75,-4],"size":[3,2,0],"pivot":[-1.5,2.75,-4],"uv":{"north":{"uv":[10.262,2.6773],"uv_size":[0.738,0.656]},"south":{"uv":[8.012,3.344],"uv_size":[0.738,0.656]},"east":{"uv":[8,0.0107],"uv_size":[0,0.656]},"west":{"uv":[8,0.0107],"uv_size":[0,0.656]},"up":{"uv":[8.012,0],"uv_size":[0.738,0]},"down":{"uv":[8.012,0],"uv_size":[0.738,0]}}}],"name":"rot_6"},{"parent":"geyser_custom_z","pivot":[-1.5,6.75,-4],"rotation":[0,-0,0],"cubes":[{"origin":[-3.5,6.75,-4],"size":[3,2,0],"pivot":[-1.5,6.75,-4],"uv":{"north":{"uv":[9.762,2.0107],"uv_size":[0.738,0.656]},"south":{"uv":[8.012,2.6773],"uv_size":[0.738,0.656]},"east":{"uv":[8,0.0107],"uv_size":[0,0.656]},"west":{"uv":[8,0.0107],"uv_size":[0,0.656]},"up":{"uv":[8.012,0],"uv_size":[0.738,0]},"down":{"uv":[8.012,0],"uv_size":[0.738,0]}}}],"name":"rot_7"},{"parent":"geyser_custom_z","pivot":[-1.5,8.75,-4],"rotation":[0,-0,0],"cubes":[{"origin":[-3.5,8.75,-4],"size":[7,2,0],"pivot":[-1.5,8.75,-4],"uv":{"north":{"uv":[8.016,0.0107],"uv_size":[1.734,0.656]},"south":{"uv":[8.016,0.6773],"uv_size":[1.734,0.656]},"east":{"uv":[8,0.0107],"uv_size":[0,0.656]},"west":{"uv":[8,0.0107],"uv_size":[0,0.656]},"up":{"uv":[8.016,0],"uv_size":[1.734,0]},"down":{"uv":[8.016,0],"uv_size":[1.734,0]}}},{"origin":[-4.25,0,-3.99],"size":[8.5,11.5,8],"pivot":[-1.5,8.75,-4],"uv":{"north":{"uv":[0.016,0.016],"uv_size":[4.234,7.6507]},"south":{"uv":[0.016,0.016],"uv_size":[4.234,7.6507]},"east":{"uv":[0.016,0.016],"uv_size":[3.984,7.6507]},"west":{"uv":[0.016,0.016],"uv_size":[3.984,7.6507]},"up":{"uv":[4.234,5.3173],"uv_size":[-4.234,-5.3173]},"down":{"uv":[4.234,5.3173],"uv_size":[-4.234,-5.3173]}}}],"name":"rot_8"}]}]}
