{"format_version":"1.16.0","minecraft:geometry":[{"description":{"identifier":"geometry.geyser_custom.geo_b77f8b8","texture_width":16,"texture_height":16,"visible_bounds_width":4,"visible_bounds_height":4.5,"visible_bounds_offset":[0,0.75,0]},"bones":[{"name":"geyser_custom","binding":"c.item_slot == 'head' ? 'head' : q.item_slot_to_bone_name(c.item_slot)","pivot":[0,8,0]},{"name":"geyser_custom_x","parent":"geyser_custom","pivot":[0,8,0]},{"name":"geyser_custom_y","parent":"geyser_custom_x","pivot":[0,8,0]},{"name":"geyser_custom_z","parent":"geyser_custom_y","pivot":[0,8,0],"cubes":[]},{"parent":"geyser_custom_z","pivot":[2.5,0.75,-4],"rotation":[0,-0,0],"cubes":[{"origin":[0.5,0.75,-4],"size":[3,10,0],"pivot":[2.5,0.75,-4],"uv":{"north":{"uv":[8.012,10.6827],"uv_size":[0.738,3.3173]},"south":{"uv":[8.762,10.6827],"uv_size":[0.738,3.3173]},"east":{"uv":[8,10.6827],"uv_size":[0,3.3173]},"west":{"uv":[8,10.6827],"uv_size":[0,3.3173]},"up":{"uv":[8.012,10.6667],"uv_size":[0.738,0]},"down":{"uv":[8.012,10.6667],"uv_size":[0.738,0]}}},{"origin":[-4.25,0,-3.99],"size":[8.5,11.5,8],"pivot":[2.5,0.75,-4],"uv":{"north":{"uv":[0.016,0.016],"uv_size":[4.234,7.6507]},"south":{"uv":[0.016,0.016],"uv_size":[4.234,7.6507]},"east":{"uv":[0.016,0.016],"uv_size":[3.984,7.6507]},"west":{"uv":[0.016,0.016],"uv_size":[3.984,7.6507]},"up":{"uv":[4.234,5.3173],"uv_size":[-4.234,-5.3173]},"down":{"uv":[4.234,5.3173],"uv_size":[-4.234,-5.3173]}}}],"name":"rot_1"},{"parent":"geyser_custom_z","pivot":[1.5,-7.25,-4],"rotation":[0,-0,0],"cubes":[{"origin":[-0.5,0.75,-4],"size":[1,2,0],"pivot":[1.5,-7.25,-4],"uv":{"north":{"uv":[8.504,14.0107],"uv_size":[0.246,0.656]},"south":{"uv":[8.754,14.0107],"uv_size":[0.246,0.656]},"east":{"uv":[8,10.6773],"uv_size":[0,0.656]},"west":{"uv":[8,10.6773],"uv_size":[0,0.656]},"up":{"uv":[8.004,10.6667],"uv_size":[0.246,0]},"down":{"uv":[8.004,10.6667],"uv_size":[0.246,0]}}}],"name":"rot_2"},{"parent":"geyser_custom_z","pivot":[1.5,0.75,-4],"rotation":[0,-0,0],"cubes":[{"origin":[-0.5,8.75,-4],"size":[1,2,0],"pivot":[1.5,0.75,-4],"uv":{"north":{"uv":[8.004,14.0107],"uv_size":[0.246,0.656]},"south":{"uv":[8.254,14.0107],"uv_size":[0.246,0.656]},"east":{"uv":[8,10.6773],"uv_size":[0,0.656]},"west":{"uv":[8,10.6773],"uv_size":[0,0.656]},"up":{"uv":[8.004,10.6667],"uv_size":[0.246,0]},"down":{"uv":[8.004,10.6667],"uv_size":[0.246,0]}}}],"name":"rot_3"},{"parent":"geyser_custom_z","pivot":[-1.5,0.75,-4],"rotation":[0,-0,0],"cubes":[{"origin":[-3.5,0.75,-4],"size":[3,10,0],"pivot":[-1.5,0.75,-4],"uv":{"north":{"uv":[9.512,10.6827],"uv_size":[0.738,3.3173]},"south":{"uv":[10.262,10.6827],"uv_size":[0.738,3.3173]},"east":{"uv":[8,10.6827],"uv_size":[0,3.3173]},"west":{"uv":[8,10.6827],"uv_size":[0,3.3173]},"up":{"uv":[8.012,10.6667],"uv_size":[0.738,0]},"down":{"uv":[8.012,10.6667],"uv_size":[0.738,0]}}}],"name":"rot_4"}]}]}
