{"format_version":"1.16.0","minecraft:geometry":[{"description":{"identifier":"geometry.geyser_custom.geo_fd7b639","texture_width":16,"texture_height":16,"visible_bounds_width":4,"visible_bounds_height":4.5,"visible_bounds_offset":[0,0.75,0]},"bones":[{"name":"geyser_custom","binding":"c.item_slot == 'head' ? 'head' : q.item_slot_to_bone_name(c.item_slot)","pivot":[0,8,0]},{"name":"geyser_custom_x","parent":"geyser_custom","pivot":[0,8,0]},{"name":"geyser_custom_y","parent":"geyser_custom_x","pivot":[0,8,0]},{"name":"geyser_custom_z","parent":"geyser_custom_y","pivot":[0,8,0],"cubes":[]},{"parent":"geyser_custom_z","pivot":[5.5,5.75,-4],"rotation":[0,-0,0],"cubes":[{"origin":[0.5,5.75,-4],"size":[3,5,0],"pivot":[5.5,5.75,-4],"uv":{"north":{"uv":[12.012,5.3493],"uv_size":[0.738,1.6507]},"south":{"uv":[12.762,5.3493],"uv_size":[0.738,1.6507]},"east":{"uv":[12,5.3493],"uv_size":[0,1.6507]},"west":{"uv":[12,5.3493],"uv_size":[0,1.6507]},"up":{"uv":[12.012,5.3333],"uv_size":[0.738,0]},"down":{"uv":[12.012,5.3333],"uv_size":[0.738,0]}}},{"origin":[-4.25,5,-3.99],"size":[8.5,6.5,8],"pivot":[5.5,5.75,-4],"uv":{"north":{"uv":[0.016,0.016],"uv_size":[4.234,4.3173]},"south":{"uv":[0.016,0.016],"uv_size":[4.234,4.3173]},"east":{"uv":[0.016,0.016],"uv_size":[3.984,4.3173]},"west":{"uv":[0.016,0.016],"uv_size":[3.984,4.3173]},"up":{"uv":[4.234,5.3173],"uv_size":[-4.234,-5.3173]},"down":{"uv":[4.234,5.3173],"uv_size":[-4.234,-5.3173]}}}],"name":"rot_1"},{"parent":"geyser_custom_z","pivot":[0.5,0.75,-4],"rotation":[0,-0,0],"cubes":[{"origin":[-1.5,0.75,-4],"size":[3,5,0],"pivot":[0.5,0.75,-4],"uv":{"north":{"uv":[13.512,5.3493],"uv_size":[0.738,1.6507]},"south":{"uv":[13.512,7.016],"uv_size":[0.738,1.6507]},"east":{"uv":[12,5.3493],"uv_size":[0,1.6507]},"west":{"uv":[12,5.3493],"uv_size":[0,1.6507]},"up":{"uv":[12.012,5.3333],"uv_size":[0.738,0]},"down":{"uv":[12.012,5.3333],"uv_size":[0.738,0]}}},{"origin":[-2.25,0,-3.99],"size":[4.5,5,8],"pivot":[0.5,0.75,-4],"uv":{"north":{"uv":[0.016,0.016],"uv_size":[2.234,3.3173]},"south":{"uv":[0.016,0.016],"uv_size":[2.234,3.3173]},"east":{"uv":[0.016,0.016],"uv_size":[3.984,3.3173]},"west":{"uv":[0.016,0.016],"uv_size":[3.984,3.3173]},"up":{"uv":[2.234,5.3173],"uv_size":[-2.234,-5.3173]},"down":{"uv":[2.234,5.3173],"uv_size":[-2.234,-5.3173]}}}],"name":"rot_2"},{"parent":"geyser_custom_z","pivot":[0.5,5.75,-4],"rotation":[0,-0,0],"cubes":[{"origin":[-3.5,5.75,-4],"size":[3,5,0],"pivot":[0.5,5.75,-4],"uv":{"north":{"uv":[12.012,7.016],"uv_size":[0.738,1.6507]},"south":{"uv":[12.762,7.016],"uv_size":[0.738,1.6507]},"east":{"uv":[12,5.3493],"uv_size":[0,1.6507]},"west":{"uv":[12,5.3493],"uv_size":[0,1.6507]},"up":{"uv":[12.012,5.3333],"uv_size":[0.738,0]},"down":{"uv":[12.012,5.3333],"uv_size":[0.738,0]}}},{"origin":[-0.5,5.75,-4],"size":[1,2,0],"pivot":[0.5,5.75,-4],"uv":{"north":{"uv":[14.254,5.344],"uv_size":[0.246,0.656]},"south":{"uv":[14.254,6.0107],"uv_size":[0.246,0.656]},"east":{"uv":[12,5.344],"uv_size":[0,0.656]},"west":{"uv":[12,5.344],"uv_size":[0,0.656]},"up":{"uv":[12.004,5.3333],"uv_size":[0.246,0]},"down":{"uv":[12.004,5.3333],"uv_size":[0.246,0]}}}],"name":"rot_3"}]}]}
