{"format_version":"1.16.0","minecraft:geometry":[{"description":{"identifier":"geometry.geyser_custom.geo_2f832f5","texture_width":16,"texture_height":16,"visible_bounds_width":4,"visible_bounds_height":4.5,"visible_bounds_offset":[0,0.75,0]},"bones":[{"name":"geyser_custom","binding":"c.item_slot == 'head' ? 'head' : q.item_slot_to_bone_name(c.item_slot)","pivot":[0,8,0]},{"name":"geyser_custom_x","parent":"geyser_custom","pivot":[0,8,0]},{"name":"geyser_custom_y","parent":"geyser_custom_x","pivot":[0,8,0]},{"name":"geyser_custom_z","parent":"geyser_custom_y","pivot":[0,8,0],"cubes":[]},{"parent":"geyser_custom_z","pivot":[3.5,-2.25,-4],"rotation":[0,-0,0],"cubes":[{"origin":[0.5,0.75,-4],"size":[3,5,0],"pivot":[3.5,-2.25,-4],"uv":{"north":{"uv":[1.512,10.6827],"uv_size":[0.738,1.6507]},"south":{"uv":[1.512,12.3493],"uv_size":[0.738,1.6507]},"east":{"uv":[0,10.6827],"uv_size":[0,1.6507]},"west":{"uv":[0,10.6827],"uv_size":[0,1.6507]},"up":{"uv":[0.012,10.6667],"uv_size":[0.738,0]},"down":{"uv":[0.012,10.6667],"uv_size":[0.738,0]}}},{"origin":[-0.25,0,-3.99],"size":[4.5,6,8],"pivot":[3.5,-2.25,-4],"uv":{"north":{"uv":[0.016,0.016],"uv_size":[2.234,3.984]},"south":{"uv":[0.016,0.016],"uv_size":[2.234,3.984]},"east":{"uv":[0.016,0.016],"uv_size":[3.984,3.984]},"west":{"uv":[0.016,0.016],"uv_size":[3.984,3.984]},"up":{"uv":[2.234,5.3173],"uv_size":[-2.234,-5.3173]},"down":{"uv":[2.234,5.3173],"uv_size":[-2.234,-5.3173]}}}],"name":"rot_1"},{"parent":"geyser_custom_z","pivot":[3.5,3.75,-4],"rotation":[0,-0,0],"cubes":[{"origin":[0.5,6.75,-4],"size":[3,4,0],"pivot":[3.5,3.75,-4],"uv":{"north":{"uv":[2.262,10.6827],"uv_size":[0.738,1.3173]},"south":{"uv":[2.262,12.016],"uv_size":[0.738,1.3173]},"east":{"uv":[0,10.6827],"uv_size":[0,1.3173]},"west":{"uv":[0,10.6827],"uv_size":[0,1.3173]},"up":{"uv":[0.012,10.6667],"uv_size":[0.738,0]},"down":{"uv":[0.012,10.6667],"uv_size":[0.738,0]}}},{"origin":[-0.25,6,-3.99],"size":[4.5,5.5,8],"pivot":[3.5,3.75,-4],"uv":{"north":{"uv":[0.016,0.016],"uv_size":[2.234,3.6507]},"south":{"uv":[0.016,0.016],"uv_size":[2.234,3.6507]},"east":{"uv":[0.016,0.016],"uv_size":[3.984,3.6507]},"west":{"uv":[0.016,0.016],"uv_size":[3.984,3.6507]},"up":{"uv":[2.234,5.3173],"uv_size":[-2.234,-5.3173]},"down":{"uv":[2.234,5.3173],"uv_size":[-2.234,-5.3173]}}}],"name":"rot_2"},{"parent":"geyser_custom_z","pivot":[1.5,0.75,-4],"rotation":[0,-0,0],"cubes":[{"origin":[-0.5,3.75,-4],"size":[1,4,0],"pivot":[1.5,0.75,-4],"uv":{"north":{"uv":[2.254,13.3493],"uv_size":[0.246,1.3173]},"south":{"uv":[0.004,14.016],"uv_size":[0.246,1.3173]},"east":{"uv":[0,10.6827],"uv_size":[0,1.3173]},"west":{"uv":[0,10.6827],"uv_size":[0,1.3173]},"up":{"uv":[0.004,10.6667],"uv_size":[0.246,0]},"down":{"uv":[0.004,10.6667],"uv_size":[0.246,0]}}},{"origin":[0.5,5.75,-4],"size":[1,1,0],"pivot":[1.5,0.75,-4],"uv":{"north":{"uv":[0.254,14.0053],"uv_size":[0.246,0.328]},"south":{"uv":[0.504,14.0053],"uv_size":[0.246,0.328]},"east":{"uv":[0,10.672],"uv_size":[0,0.328]},"west":{"uv":[0,10.672],"uv_size":[0,0.328]},"up":{"uv":[0.004,10.6667],"uv_size":[0.246,0]},"down":{"uv":[0.004,10.6667],"uv_size":[0.246,0]}}}],"name":"rot_3"},{"parent":"geyser_custom_z","pivot":[-1.5,0.75,-4],"rotation":[0,-0,0],"cubes":[{"origin":[-3.5,0.75,-4],"size":[3,10,0],"pivot":[-1.5,0.75,-4],"uv":{"north":{"uv":[0.012,10.6827],"uv_size":[0.738,3.3173]},"south":{"uv":[0.762,10.6827],"uv_size":[0.738,3.3173]},"east":{"uv":[0,10.6827],"uv_size":[0,3.3173]},"west":{"uv":[0,10.6827],"uv_size":[0,3.3173]},"up":{"uv":[0.012,10.6667],"uv_size":[0.738,0]},"down":{"uv":[0.012,10.6667],"uv_size":[0.738,0]}}},{"origin":[-4.25,0,-3.99],"size":[4,11.5,8],"pivot":[-1.5,0.75,-4],"uv":{"north":{"uv":[0.016,0.016],"uv_size":[1.984,7.6507]},"south":{"uv":[0.016,0.016],"uv_size":[1.984,7.6507]},"east":{"uv":[0.016,0.016],"uv_size":[3.984,7.6507]},"west":{"uv":[0.016,0.016],"uv_size":[3.984,7.6507]},"up":{"uv":[1.984,5.3173],"uv_size":[-1.984,-5.3173]},"down":{"uv":[1.984,5.3173],"uv_size":[-1.984,-5.3173]}}}],"name":"rot_4"}]}]}
