{"format_version":"1.16.0","minecraft:geometry":[{"description":{"identifier":"geometry.geyser_custom.geo_a19ef65","texture_width":16,"texture_height":16,"visible_bounds_width":4,"visible_bounds_height":4.5,"visible_bounds_offset":[0,0.75,0]},"bones":[{"name":"geyser_custom","binding":"c.item_slot == 'head' ? 'head' : q.item_slot_to_bone_name(c.item_slot)","pivot":[0,8,0]},{"name":"geyser_custom_x","parent":"geyser_custom","pivot":[0,8,0]},{"name":"geyser_custom_y","parent":"geyser_custom_x","pivot":[0,8,0]},{"name":"geyser_custom_z","parent":"geyser_custom_y","pivot":[0,8,0],"cubes":[]},{"parent":"geyser_custom_z","pivot":[1,0,-1],"rotation":[0,-0,0],"cubes":[{"origin":[-1,0,-1],"size":[2,2,2],"pivot":[1,0,-1],"uv":{"north":{"uv":[4.016,7.016],"uv_size":[1.984,1.984]},"south":{"uv":[8.016,0.016],"uv_size":[1.984,1.984]},"east":{"uv":[6.016,7.016],"uv_size":[1.984,1.984]},"west":{"uv":[8.016,2.016],"uv_size":[1.984,1.984]},"up":{"uv":[8.016,4.016],"uv_size":[1.984,1.984]},"down":{"uv":[8.016,7.984],"uv_size":[1.984,-1.984]}}}],"name":"rot_1"},{"parent":"geyser_custom_z","pivot":[1,3,-1],"rotation":[0,-0,0],"cubes":[{"origin":[-1,3,-1],"size":[2,7,2],"pivot":[1,3,-1],"uv":{"north":{"uv":[0.016,0.016],"uv_size":[1.984,6.984]},"south":{"uv":[4.016,0.016],"uv_size":[1.984,6.984]},"east":{"uv":[2.016,0.016],"uv_size":[1.984,6.984]},"west":{"uv":[6.016,0.016],"uv_size":[1.984,6.984]},"up":{"uv":[0.016,7.016],"uv_size":[1.984,1.984]},"down":{"uv":[2.016,8.984],"uv_size":[1.984,-1.984]}}}],"name":"rot_2"}]}]}
